69:3D:C8:45:A6:03,Known Company,Random Resolvable Private Address,Update,Medium Security,2586652577758163
7B:0F:11:53:FB:70,Known Company,Random Resolvable Private Address,Update,Medium Security,2586352878060726
F8:20:50:E0:02:F7,Known Company,Random Static Address,Update,Medium Security,2586273045031641
4B:7F:C6:F8:F7:29,Known Company,Random Resolvable Private Address,Update,Medium Security,2586273046182631
49:87:44:79:B5:AC,Known Company,Random Resolvable Private Address,Update,Medium Security,2586273052216694
D7:86:A5:99:28:1D,Known Company,Random Static Address,Update,Medium Security,2586277390786536
C5:CE:11:EF:B7:03,Known Company,Random Static Address,Update,Medium Security,2586652532645558
76:02:E3:2C:0D:C7,Known Company,Random Resolvable Private Address,Update,Medium Security,2586277406663359
E8:68:25:93:AF:11,Known Company,Random Static Address,Update,Medium Security,2586277409137213
FD:89:30:23:76:FA,Known Company,Random Static Address,Update,Medium Security,2586277415993254
30:B1:82:DA:0E:77,Known Company,Random Non-resolvable Private Address,Update,High Security,2586303852546682
D8:A6:F8:37:DC:94,Known Company,Random Static Address,Update,Medium Security,2586277438811483
CE:8F:02:A3:4E:CA,Known Company,Random Static Address,Update,Medium Security,2586277442934400
5B:A0:91:CD:0B:45,Known Company,Random Resolvable Private Address,Update,Medium Security,2586279668543618
F2:8D:91:6C:51:AF,Known Company,Random Static Address,Update,Medium Security,2586313495902928
D2:95:93:39:23:7C,Known Company,Random Static Address,Update,Medium Security,2586313505462668
CD:EE:9E:0C:09:8C,Known Company,Random Static Address,Update,Medium Security,2586303481778817
56:C3:AE:75:3D:CB,Known Company,Random Resolvable Private Address,Update,Medium Security,2586317107683031
67:AA:07:4F:12:3D,Known Company,Random Resolvable Private Address,Update,Medium Security,2586311218039544
4D:23:7A:61:EC:3A,Known Company,Random Resolvable Private Address,Update,Medium Security,2586425821645021
4B:17:B8:0A:E9:91,Known Company,Random Resolvable Private Address,Update,Medium Security,2586303887451994
43:3E:FD:8B:38:CB,Known Company,Random Resolvable Private Address,Update,Medium Security,2586318555960270
FE:2F:B1:4D:D7:D2,Known Company,Random Static Address,Update,Medium Security,2586303599255328
41:81:40:0A:F5:C5,Known Company,Random Resolvable Private Address,Update,Medium Security,2586809836167529
69:87:E0:C2:C5:C6,Known Company,Random Resolvable Private Address,Update,Medium Security,2586303906283244
43:88:70:FC:D2:8B,Known Company,Random Resolvable Private Address,Update,Medium Security,2586303668224651
44:01:79:67:EA:0A,Known Company,Random Resolvable Private Address,Update,Medium Security,2586312752807616
00:09:A7:56:7A:2F,Unknown Company,Public Address,No Update,Low Security,2586303707721421
40:01:04:CC:8B:39,Known Company,Random Resolvable Private Address,Update,Medium Security,2586352101511143
56:60:00:F6:37:83,Known Company,Random Resolvable Private Address,Update,Medium Security,2586347680937863
E1:ED:B2:07:A7:3A,Known Company,Random Static Address,Update,Medium Security,2586352095148330
F8:61:A1:CF:70:CC,Known Company,Random Static Address,Update,Medium Security,2586352145246038
50:E7:F2:E5:E4:8F,Known Company,Random Resolvable Private Address,Update,Medium Security,2586425813111427
C9:88:42:DA:43:B1,Known Company,Random Static Address,Update,Medium Security,2586352158267913
7B:8A:E7:99:A9:0D,Known Company,Random Resolvable Private Address,Update,Medium Security,2586352191953122
CC:F6:46:04:A1:F0,Known Company,Random Static Address,Update,Medium Security,2586357126536557
C2:3E:5C:24:64:9E,Known Company,Random Static Address,Update,Medium Security,2586357131164943
5E:CC:7E:7F:41:6B,Known Company,Random Resolvable Private Address,Update,Medium Security,2586362330041972
4B:8C:AB:68:58:8B,Known Company,Random Resolvable Private Address,Update,Medium Security,2586360908376556
E5:97:02:C3:EA:3E,Known Company,Random Static Address,Update,Medium Security,2586362332567232
E5:D6:CB:8A:8C:28,Known Company,Random Static Address,Update,Medium Security,2586384193626703
63:B6:EE:69:EB:70,Known Company,Random Resolvable Private Address,Update,Medium Security,2586391457832325
66:C0:6F:76:23:D3,Known Company,Random Resolvable Private Address,Update,Medium Security,2586398800361333
7D:91:90:FB:5C:61,Known Company,Random Resolvable Private Address,Update,Medium Security,2586418537696586
7A:90:21:E5:A7:B6,Known Company,Random Resolvable Private Address,Update,Medium Security,2586418575585805
9C:8C:6E:5A:00:0F,Known Company,Public Address,No Update,Low Security,2586418583502523
46:02:76:18:7E:5C,Known Company,Random Resolvable Private Address,Update,Medium Security,2586425815025021
EF:FE:D1:87:04:42,Known Company,Random Static Address,Update,Medium Security,2586418606358096
6E:DB:B9:06:29:36,Known Company,Random Resolvable Private Address,Update,Medium Security,2586425832371791
43:F5:B7:41:5B:EB,Known Company,Random Resolvable Private Address,Update,Medium Security,2586440229512411
7F:A5:25:A6:08:05,Known Company,Random Resolvable Private Address,Update,Medium Security,2586478777153281
65:26:2D:11:80:61,Known Company,Random Resolvable Private Address,Update,Medium Security,2586475081514480
EF:83:86:B9:5C:B0,Known Company,Random Static Address,Update,Medium Security,2586477287401354
41:3D:8B:42:D3:44,Known Company,Random Resolvable Private Address,Update,Medium Security,2586602792274744
45:13:75:C0:C6:F1,Known Company,Random Resolvable Private Address,Update,Medium Security,2586475899823022
FA:A4:EF:C1:35:05,Known Company,Random Static Address,Update,Medium Security,2586477321215886
4C:06:30:D8:81:83,Known Company,Random Resolvable Private Address,Update,Medium Security,2586741999854587
FE:48:77:EC:E1:85,Known Company,Random Static Address,Update,Medium Security,2586467343390160
10:BE:17:6D:2B:E9,Known Company,Random Non-resolvable Private Address,Update,High Security,2586473740201043
5D:1B:AD:62:A7:E5,Known Company,Random Resolvable Private Address,Update,Medium Security,2586472204736461
E3:32:11:5B:14:B7,Known Company,Random Static Address,Update,Medium Security,2586467357768233
2D:C9:33:43:3D:74,Known Company,Random Non-resolvable Private Address,Update,High Security,2586472208633127
7E:82:58:94:A5:FF,Known Company,Random Resolvable Private Address,Update,Medium Security,2586469819456045
43:ED:56:4F:94:65,Known Company,Random Resolvable Private Address,Update,Medium Security,2586468949209587
43:13:36:67:A4:A4,Known Company,Random Resolvable Private Address,Update,Medium Security,2586469304464170
8E:89:6B:3F:BF:FF,Unknown Company,Invalid,Update,Low Security,2586742035375524
6E:37:53:87:45:59,Known Company,Random Resolvable Private Address,Update,Medium Security,2586468224567712
FF:98:89:BE:C6:C1,Known Company,Random Static Address,Update,Medium Security,2586471417664742
42:E5:AA:7C:26:2A,Known Company,Random Resolvable Private Address,Update,Medium Security,2586517453316652
3C:8C:5B:CC:C5:3B,Known Company,Random Non-resolvable Private Address,Update,High Security,2586653288993996
C0:48:E6:B9:6F:E3,Known Company,Public Address,No Update,Low Security,2586743516137086
F0:99:19:E5:54:23,Known Company,Public Address,No Update,Low Security,2586537164516175
77:C8:B0:C1:75:6F,Known Company,Random Resolvable Private Address,Update,Medium Security,2586799053127117
4D:A9:25:48:00:DB,Known Company,Random Resolvable Private Address,Update,Medium Security,2586742720953128
C4:8B:97:1F:33:DB,Known Company,Random Static Address,Update,Medium Security,2586517475355818
54:B7:E5:97:4E:FF,Known Company,Public Address,No Update,Low Security,2586806271989770
C9:FA:72:7C:65:B8,Known Company,Random Static Address,Update,Medium Security,2586517480452537
19:AF:D3:23:0F:7B,Known Company,Random Non-resolvable Private Address,Update,High Security,2586653933586183
61:A4:03:07:C6:DC,Known Company,Random Resolvable Private Address,Update,Medium Security,2586517490094568
62:D7:79:8D:C2:D2,Known Company,Random Resolvable Private Address,Update,Medium Security,2586518895934724
49:40:74:2A:E9:5C,Known Company,Random Resolvable Private Address,Update,Medium Security,2586517493225193
E8:F4:6E:78:88:4E,Known Company,Random Static Address,Update,Medium Security,2586535647805968
35:C6:0E:70:3A:B8,Known Company,Random Non-resolvable Private Address,Update,High Security,2586539431140966
CF:82:1C:2D:3E:08,Known Company,Random Static Address,Update,Medium Security,2586535745550238
76:32:AF:6C:3D:42,Known Company,Random Resolvable Private Address,Update,Medium Security,2586539369337841
71:F6:3C:F8:C3:02,Known Company,Random Resolvable Private Address,Update,Medium Security,2586537807841331
4E:59:5C:AD:ED:57,Known Company,Random Resolvable Private Address,Update,Medium Security,2586537817804352
E9:D4:4A:0F:20:8F,Known Company,Random Static Address,Update,Medium Security,2586799062978419
7B:C0:C2:6C:BF:DD,Known Company,Random Resolvable Private Address,Update,Medium Security,2586739837428129
66:A0:3F:9F:36:16,Known Company,Random Resolvable Private Address,Update,Medium Security,2586602826400421
77:A0:C9:34:C6:67,Known Company,Random Resolvable Private Address,Update,Medium Security,2586570054553090
5C:C0:80:3D:C4:A7,Known Company,Random Resolvable Private Address,Update,Medium Security,2586568536112986
6C:EC:BD:8B:2F:46,Known Company,Random Resolvable Private Address,Update,Medium Security,2586653246114256
CE:D7:E0:E6:0E:C7,Known Company,Random Static Address,Update,Medium Security,2586573058711370
5B:94:12:72:6A:B9,Known Company,Random Resolvable Private Address,Update,Medium Security,2586567112935747
45:5A:24:1F:D9:5C,Known Company,Random Resolvable Private Address,Update,Medium Security,2586715716513138
72:05:4A:71:00:FC,Known Company,Random Resolvable Private Address,Update,Medium Security,2586570082216007
D8:A2:5F:43:44:B5,Known Company,Random Static Address,Update,Medium Security,2586567125774393
4D:E3:8F:4C:95:B1,Known Company,Random Resolvable Private Address,Update,Medium Security,2586570760371944
C2:BD:7E:9C:4C:95,Known Company,Random Static Address,Update,Medium Security,2586742127459951
6E:C8:7B:BD:42:68,Known Company,Random Resolvable Private Address,Update,Medium Security,2586569330655434
4A:88:AD:3B:58:18,Known Company,Random Resolvable Private Address,Update,Medium Security,2586569336517726
52:20:84:DA:52:8A,Known Company,Random Resolvable Private Address,Update,Medium Security,2586602799661098
69:C8:A9:AA:7C:4C,Known Company,Random Resolvable Private Address,Update,Medium Security,2586608806514221
74:07:3E:E4:7D:6D,Known Company,Random Resolvable Private Address,Update,Medium Security,2586608803694846
05:53:1C:8F:E5:C6,Known Company,Random Non-resolvable Private Address,Update,High Security,2586743426160524
D5:58:30:55:44:10,Known Company,Random Static Address,Update,Medium Security,2586602824339640
75:24:40:E9:EA:E8,Known Company,Random Resolvable Private Address,Update,Medium Security,2586742019469951
75:37:46:D2:E2:FB,Known Company,Random Resolvable Private Address,Update,Medium Security,2586605833283232
73:AB:F7:FF:EA:7D,Known Company,Random Resolvable Private Address,Update,Medium Security,2586606457020003
76:C5:22:63:ED:DA,Known Company,Random Resolvable Private Address,Update,Medium Security,2586602842374536
4B:4B:E3:E4:19:D8,Known Company,Random Resolvable Private Address,Update,Medium Security,2586637892451502
F0:F8:56:E7:F3:30,Known Company,Random Static Address,Update,Medium Security,2586637913948897
5B:3E:68:26:9B:1E,Known Company,Random Resolvable Private Address,Update,Medium Security,2586653269119308
50:59:A1:BA:0C:C2,Known Company,Random Resolvable Private Address,Update,Medium Security,2586653915171235
D0:36:92:02:75:C6,Known Company,Random Static Address,Update,Medium Security,2586652529853944
5B:A9:35:2F:54:3A,Known Company,Random Resolvable Private Address,Update,Medium Security,2586652540813319
7C:98:B7:5A:61:40,Known Company,Random Resolvable Private Address,Update,Medium Security,2586660593516701
57:CC:AA:88:8E:07,Known Company,Random Resolvable Private Address,Update,Medium Security,2586743424737451
FD:5C:FF:95:36:FF,Known Company,Random Static Address,Update,Medium Security,2586715691924336
54:FB:0A:F3:2A:2E,Known Company,Random Resolvable Private Address,Update,Medium Security,2586743456429899
F0:2E:21:91:DE:3B,Known Company,Random Static Address,Update,Medium Security,2586737620726776
5E:74:40:37:3A:AF,Known Company,Random Resolvable Private Address,Update,Medium Security,2586808445779196
F5:24:DD:91:75:06,Known Company,Random Static Address,Update,Medium Security,2586737636417088
42:D1:37:66:37:40,Known Company,Random Resolvable Private Address,Update,Medium Security,2586742037590160
4F:5D:A2:1D:11:DE,Known Company,Random Resolvable Private Address,Update,Medium Security,2586743436574013
16:BE:9C:D5:00:19,Known Company,Random Non-resolvable Private Address,Update,High Security,2586743448631982
4D:4E:D3:59:A9:B0,Known Company,Random Resolvable Private Address,Update,Medium Security,2586742065809639
41:FB:6C:17:A5:F1,Known Company,Random Resolvable Private Address,Update,Medium Security,2586743451364795
4D:E7:5C:4D:8D:42,Known Company,Random Resolvable Private Address,Update,Medium Security,2586742072843076
40:F0:A3:93:D9:B1,Known Company,Random Resolvable Private Address,Update,Medium Security,2586739901569483
66:12:A9:A7:F3:8C,Known Company,Random Resolvable Private Address,Update,Medium Security,2586743497321878
56:B4:D2:03:04:61,Known Company,Random Resolvable Private Address,Update,Medium Security,2586743421957138
00:AA:57:44:E1:E5,Known Company,Random Non-resolvable Private Address,Update,High Security,2586743445921982
59:F1:EF:5E:9B:F1,Known Company,Random Resolvable Private Address,Update,Medium Security,2586743428148857
45:2A:EA:0B:07:AD,Known Company,Random Resolvable Private Address,Update,Medium Security,2586742052924378
C7:EA:B9:E3:E9:E7,Known Company,Random Static Address,Update,Medium Security,2586738449573234
5B:6B:B1:F0:46:AE,Known Company,Random Resolvable Private Address,Update,Medium Security,2586742692167764
F2:AF:B5:AD:AE:9C,Known Company,Random Static Address,Update,Medium Security,2586739132854223
40:12:D0:C9:1F:F4,Known Company,Random Resolvable Private Address,Update,Medium Security,2586742117690108
6A:CD:98:1B:2A:0A,Known Company,Random Resolvable Private Address,Update,Medium Security,2586742048548962
E8:BF:AA:8B:69:AD,Known Company,Random Static Address,Update,Medium Security,2586739918032348
E2:67:2A:61:B5:B8,Known Company,Random Static Address,Update,Medium Security,2586741320462295
DF:60:16:73:84:65,Known Company,Random Static Address,Update,Medium Security,2586741326241150
DF:46:6B:BE:0F:8B,Known Company,Random Static Address,Update,Medium Security,2586741385892295
5B:EE:26:C6:2F:1C,Known Company,Random Resolvable Private Address,Update,Medium Security,2586806856195030
7F:37:2E:CC:7A:59,Known Company,Random Resolvable Private Address,Update,Medium Security,2586810498933675
23:51:30:99:24:97,Known Company,Random Non-resolvable Private Address,Update,High Security,2586799058390971
FA:D8:D7:2C:9B:80,Known Company,Random Static Address,Update,Medium Security,2586799073501387
FC:00:9F:A3:37:7A,Known Company,Random Static Address,Update,Medium Security,2586799080867533
40:5D:AB:09:D6:02,Known Company,Random Resolvable Private Address,Update,Medium Security,2586806136959770
6B:61:60:59:C8:42,Known Company,Random Resolvable Private Address,Update,Medium Security,2586806143356593
7B:0D:8E:9D:BA:45,Known Company,Random Resolvable Private Address,Update,Medium Security,2586810514000914
59:F8:71:13:8C:46,Known Company,Random Resolvable Private Address,Update,Medium Security,2586810497375966
63:3D:0F:E7:D9:A1,Known Company,Random Resolvable Private Address,Update,Medium Security,2586809829184508
7B:F4:96:EE:43:53,Known Company,Random Resolvable Private Address,Update,Medium Security,2586810561592060
27:FF:C1:26:D0:F6,Known Company,Random Non-resolvable Private Address,Update,High Security,2586810621071435
DD:62:2F:51:6C:77,Known Company,Random Static Address,Update,Medium Security,2586806197729458
78:A1:72:19:20:A5,Known Company,Random Resolvable Private Address,Update,Medium Security,2586806215164614
50:B6:06:F4:93:04,Known Company,Random Resolvable Private Address,Update,Medium Security,2586808441986019
50:43:62:E7:74:03,Known Company,Random Resolvable Private Address,Update,Medium Security,2586809834578102
EB:79:40:20:8E:8E,Known Company,Random Static Address,Update,Medium Security,2587003747936098
06:A6:AB:D5:64:65,Known Company,Random Non-resolvable Private Address,Update,High Security,2587067720868730
73:07:FD:4A:D2:4A,Known Company,Random Resolvable Private Address,Update,Medium Security,2587016656140052
D4:D6:21:7F:D8:6E,Known Company,Random Static Address,Update,Medium Security,2587005809999483
CC:CC:CC:9A:A1:1B,Known Company,Public Address,No Update,Low Security,2587006332471618
D3:6C:DC:94:94:73,Known Company,Random Static Address,Update,Medium Security,2587015901098229
48:85:C7:6A:42:A0,Known Company,Random Resolvable Private Address,Update,Medium Security,2587004912765108
4B:14:C6:20:5B:47,Known Company,Random Resolvable Private Address,No Update,Medium Security,2588276330320032
47:BD:58:53:DE:6C,Known Company,Random Resolvable Private Address,Update,Medium Security,2587016748069374
E4:20:70:D4:A8:9D,Known Company,Random Static Address,Update,Medium Security,2587015976224114
73:E0:E8:0A:03:87,Known Company,Random Resolvable Private Address,Update,Medium Security,2587016621862187
75:F7:43:6E:70:D3,Known Company,Random Resolvable Private Address,Update,Medium Security,2587012966781511
60:3D:76:98:DC:B9,Known Company,Random Resolvable Private Address,Update,Medium Security,2587011630498751
69:CD:EE:DA:67:B2,Known Company,Random Resolvable Private Address,Update,Medium Security,2587014460247813
71:3A:8F:31:3E:54,Known Company,Random Resolvable Private Address,Update,Medium Security,2587064116259565
EE:B2:ED:6B:8F:B3,Known Company,Random Static Address,Update,Medium Security,2587016022245052
38:47:5A:9C:23:06,Known Company,Random Non-resolvable Private Address,Update,High Security,2587005808484847
77:7E:F5:47:5E:AF,Known Company,Random Resolvable Private Address,Update,Medium Security,2587065537968939
6C:C5:75:63:3D:30,Known Company,Random Resolvable Private Address,Update,Medium Security,2587066214155658
5D:63:45:D5:34:50,Known Company,Random Resolvable Private Address,Update,Medium Security,2587066236537585
42:7D:A4:34:38:16,Known Company,Random Resolvable Private Address,No Update,Medium Security,2588150741721903
44:59:EC:DC:8E:DC,Known Company,Random Resolvable Private Address,Update,Medium Security,2587066239345814
5A:11:4A:F7:DE:76,Known Company,Random Resolvable Private Address,Update,Medium Security,2587065493266804
DB:90:92:E7:F9:B6,Known Company,Random Static Address,Update,Medium Security,2587061896982430
57:15:18:60:D7:09,Known Company,Random Resolvable Private Address,Update,Medium Security,2587066266913835
C0:BC:ED:4D:3A:6A,Known Company,Random Static Address,Update,Medium Security,2587066343802428
52:25:D2:08:75:85,Known Company,Random Resolvable Private Address,No Update,Medium Security,2588007010062843
8E:89:6B:40:87:F0,Unknown Company,Invalid,Update,Low Security,2587062681799513
B9:D7:13:20:B7:E7,Unknown Company,Invalid,No Update,Low Security,2588427037712630
65:E3:FD:4E:DF:2A,Known Company,Random Resolvable Private Address,No Update,Medium Security,2588006193490239
40:84:70:13:18:7B,Known Company,Random Resolvable Private Address,Update,Medium Security,2587065510704147
E8:1F:6D:2E:17:4D,Known Company,Random Static Address,Update,Medium Security,2587061926562118
6A:54:36:24:97:A8,Known Company,Random Resolvable Private Address,No Update,Medium Security,2588007039582999
5C:09:43:0A:44:F8,Known Company,Random Resolvable Private Address,Update,Medium Security,2587997955343732
45:F5:63:0E:45:12,Known Company,Random Resolvable Private Address,Update,Medium Security,2588486994194222
53:13:FC:80:8B:14,Unknown Company,Random Resolvable Private Address,Update,Low Security,2587998105070867
61:42:CB:B3:45:4D,Known Company,Random Resolvable Private Address,Update,Medium Security,2588207691488652
6A:4A:29:D4:84:AB,Known Company,Random Resolvable Private Address,Update,Medium Security,2588150093727580
05:26:00:00:0E:1F,Unknown Company,Random Non-resolvable Private Address,Update,Low Security,2588487014143076
76:79:99:86:75:05,Known Company,Random Resolvable Private Address,Update,Medium Security,2588211357075838
D5:A0:66:DB:EC:F1,Known Company,Random Static Address,Update,Medium Security,2588002314767220
D4:50:B6:9F:8D:75,Known Company,Random Static Address,Update,Medium Security,2588002322044511
40:8B:A2:EC:3B:5D,Known Company,Random Resolvable Private Address,Update,Medium Security,2588505951054163
60:C5:E8:6F:EA:65,Known Company,Random Resolvable Private Address,Update,Medium Security,2588321607432983
4B:B2:4E:63:BC:25,Known Company,Random Resolvable Private Address,Update,Medium Security,2588323825085118
74:6B:3E:28:1A:72,Known Company,Random Resolvable Private Address,Update,Medium Security,2588239745906139
7F:C1:24:99:22:E0,Known Company,Random Resolvable Private Address,Update,Medium Security,2588254443604571
50:8D:62:2F:52:F2,Known Company,Random Resolvable Private Address,Update,Medium Security,2588356299126303
66:D2:C0:9B:F7:5E,Known Company,Random Resolvable Private Address,Update,Medium Security,2588002465946438
6B:13:2F:3A:FE:E1,Known Company,Random Resolvable Private Address,Update,Medium Security,2588323827487253
F3:FE:9B:8E:7F:0C,Known Company,Random Static Address,Update,Medium Security,2588004658012687
58:60:07:9F:B4:19,Known Company,Random Resolvable Private Address,Update,Medium Security,2588323744899597
F8:4E:DB:58:24:E5,Known Company,Random Static Address,Update,Medium Security,2588150065937319
67:AA:70:07:3C:3B,Known Company,Random Resolvable Private Address,Update,Medium Security,2588323764728451
65:54:AE:1C:DD:D4,Known Company,Random Resolvable Private Address,Update,Medium Security,2588150072852007
64:E3:3B:E6:D9:DA,Known Company,Random Resolvable Private Address,Update,Medium Security,2588427093623360
48:09:49:DD:82:63,Known Company,Random Resolvable Private Address,Update,Medium Security,2588150088676434
43:4B:2B:AF:7E:27,Known Company,Random Resolvable Private Address,Update,Medium Security,2588486990913493
6E:2E:0D:89:A2:5A,Known Company,Random Resolvable Private Address,Update,Medium Security,2588371002804058
36:23:C2:C5:BB:51,Known Company,Random Non-resolvable Private Address,Update,High Security,2588172009197624
69:50:29:D5:4E:B7,Known Company,Random Resolvable Private Address,Update,Medium Security,2588150122465497
05:BC:A3:49:81:67,Known Company,Random Non-resolvable Private Address,Update,High Security,2588150125897059
5D:B0:7F:F3:4F:AF,Known Company,Random Resolvable Private Address,Update,Medium Security,2588165273378668
53:34:C8:CC:D7:10,Known Company,Random Resolvable Private Address,Update,Medium Security,2588427067220183
52:20:C0:4B:F3:23,Known Company,Random Resolvable Private Address,Update,Medium Security,2588370232632496
38:20:D9:8F:B0:89,Known Company,Random Non-resolvable Private Address,Update,High Security,2588165288825439
45:A0:6B:40:19:DF,Known Company,Random Resolvable Private Address,Update,Medium Security,2588356326128387
7B:19:35:18:7B:29,Known Company,Random Resolvable Private Address,Update,Medium Security,2588174843599393
71:71:31:E6:3C:C5,Known Company,Random Resolvable Private Address,Update,Medium Security,2588172014037780
40:A7:17:67:6A:F0,Known Company,Random Resolvable Private Address,Update,Medium Security,2588274174044876
C6:F3:06:51:75:A5,Known Company,Random Static Address,Update,Medium Security,2588172609124342
CF:0C:79:76:B5:F8,Known Company,Random Static Address,Update,Medium Security,2588172614291269
42:D6:C8:68:53:E4,Known Company,Random Resolvable Private Address,Update,Medium Security,2588196783419229
7F:E4:FD:C4:79:B3,Known Company,Random Resolvable Private Address,Update,Medium Security,2588196795459229
F1:C8:AE:A3:A8:CE,Known Company,Random Static Address,Update,Medium Security,2588196797571416
00:1E:C0:60:10:D6,Known Company,Public Address,No Update,Low Security,2588207624884068
4D:B2:25:D2:C4:17,Known Company,Random Resolvable Private Address,Update,Medium Security,2588274188115241
7F:59:07:79:16:67,Known Company,Random Resolvable Private Address,Update,Medium Security,2588211395987921
7A:AD:16:B8:F7:FE,Known Company,Random Resolvable Private Address,Update,Medium Security,2588210611936828
EB:B5:3D:D4:56:7D,Known Company,Random Static Address,Update,Medium Security,2588487018184378
5B:E0:0B:F0:AD:00,Known Company,Random Resolvable Private Address,Update,Medium Security,2588239741905358
FA:16:12:1B:88:99,Known Company,Random Static Address,Update,Medium Security,2588239763067494
DF:49:59:0F:78:B8,Known Company,Random Static Address,Update,Medium Security,2588239773558900
52:36:2F:56:B3:1B,Known Company,Random Resolvable Private Address,Update,Medium Security,2588263849491130
DB:E6:49:53:50:45,Known Company,Random Static Address,Update,Medium Security,2588263882648786
56:DE:24:D6:A3:55,Known Company,Random Resolvable Private Address,Update,Medium Security,2588263908931443
49:2D:A0:66:C5:2D,Known Company,Random Resolvable Private Address,Update,Medium Security,2588274916552376
EE:56:1D:E2:A7:9E,Known Company,Random Static Address,Update,Medium Security,2588274111810710
0D:96:18:26:97:47,Known Company,Random Non-resolvable Private Address,Update,High Security,2588274886676230
E3:D4:7E:DE:8A:6F,Known Company,Random Static Address,Update,Medium Security,2588274163672168
E7:A4:D3:B2:0B:A6,Known Company,Random Static Address,Update,Medium Security,2588274168505293
C5:30:F9:C8:E4:93,Known Company,Random Static Address,Update,Medium Security,2588274170633939
17:98:CC:53:BD:CC,Known Company,Random Non-resolvable Private Address,Update,High Security,2588318601757724
47:82:B3:A3:63:5F,Known Company,Random Resolvable Private Address,Update,Medium Security,2588322323079025
41:9F:09:A0:A4:24,Known Company,Random Resolvable Private Address,Update,Medium Security,2588322318601681
EB:7A:49:73:56:23,Known Company,Random Static Address,Update,Medium Security,2588318654284963
62:35:19:74:F8:55,Known Company,Random Resolvable Private Address,Update,Medium Security,2588321637156629
0F:97:0D:13:86:A4,Known Company,Random Non-resolvable Private Address,Update,High Security,2588368702254736
52:EC:AD:CD:1F:D0,Known Company,Random Resolvable Private Address,Update,Medium Security,2588368705390049
71:80:F9:61:B4:83,Known Company,Random Resolvable Private Address,Update,Medium Security,2588368734814267
6E:F6:4D:77:E2:F8,Known Company,Random Resolvable Private Address,Update,Medium Security,2588368786792913
3A:78:24:FD:3E:02,Known Company,Random Non-resolvable Private Address,Update,High Security,2588370257631767
64:D3:97:78:7F:F1,Known Company,Random Resolvable Private Address,Update,Medium Security,2588370221008433
7C:D8:EE:BA:8B:A9,Known Company,Random Resolvable Private Address,Update,Medium Security,2588368807552028
75:8E:89:F8:C2:FD,Known Company,Random Resolvable Private Address,Update,Medium Security,2588427184083828
12:AC:5D:8C:C9:84,Known Company,Random Non-resolvable Private Address,Update,High Security,2588397190897590
EB:BD:BA:55:45:62,Known Company,Random Static Address,Update,Medium Security,2588397192799361
49:3D:BE:18:A8:8F,Known Company,Random Resolvable Private Address,Update,Medium Security,2588397204135090
63:10:D8:35:A8:3B,Known Company,Random Resolvable Private Address,Update,Medium Security,2588427045058151
FA:E0:83:DA:DA:38,Known Company,Random Static Address,Update,Medium Security,2588427042001849
4B:A2:8A:3C:7D:70,Known Company,Random Resolvable Private Address,Update,Medium Security,2588505941707652
EB:21:23:94:B3:87,Known Company,Random Static Address,Update,Medium Security,2588427062424558
7B:95:44:BD:8A:C4,Known Company,Random Resolvable Private Address,Update,Medium Security,2588427089194714
43:E4:BC:3B:A5:6A,Known Company,Random Resolvable Private Address,Update,Medium Security,2588486961629951
CC:42:6C:61:4C:15,Known Company,Random Static Address,Update,Medium Security,2588486985223128
D8:5C:B7:DA:67:EB,Known Company,Random Static Address,Update,Medium Security,2588487016235003
5C:96:23:BD:69:BB,Known Company,Random Resolvable Private Address,Update,Medium Security,2588487020531097
F6:9C:7B:BB:1F:1A,Known Company,Random Static Address,Update,Medium Security,2588487025671462
7E:5C:1F:9F:47:35,Known Company,Random Resolvable Private Address,Update,Medium Security,2588505938207496
77:83:66:50:65:CD,Known Company,Random Resolvable Private Address,Update,Medium Security,2588505945833538
C3:45:A1:F8:04:20,Known Company,Random Static Address,Update,Medium Security,2588505954324684
5A:00:40:BA:1E:FB,Known Company,Random Resolvable Private Address,Update,Medium Security,86693339393
6A:8E:95:03:A6:0D,Known Company,Random Resolvable Private Address,Update,Medium Security,86678215122
5D:9E:1C:9D:EC:85,Known Company,Random Resolvable Private Address,Update,Medium Security,87522610799
40:1D:A1:5A:44:D3,Known Company,Random Resolvable Private Address,Update,Medium Security,225972097463
71:10:40:F9:AE:CA,Known Company,Random Resolvable Private Address,Update,Medium Security,86720682675
19:5C:AD:4F:52:98,Known Company,Random Non-resolvable Private Address,Update,High Security,87669957257
63:4F:36:EC:95:BC,Known Company,Random Resolvable Private Address,Update,Medium Security,225869245067
40:1D:25:DC:1F:5F,Known Company,Random Resolvable Private Address,Update,Medium Security,113434068550
62:73:59:FE:BE:13,Known Company,Random Resolvable Private Address,Update,Medium Security,124236914066
FC:DB:20:3D:A7:FA,Known Company,Random Static Address,Update,Medium Security,113986587456
47:B2:FF:ED:EA:0D,Known Company,Random Resolvable Private Address,Update,Medium Security,124180733389
4C:15:65:82:B9:2E,Known Company,Random Resolvable Private Address,Update,Medium Security,113992994175
75:76:37:DA:C5:4E,Known Company,Random Resolvable Private Address,Update,Medium Security,436854466809
74:77:EA:86:E5:71,Known Company,Random Resolvable Private Address,Update,Medium Security,407002894633
E3:45:A0:13:B2:26,Known Company,Random Static Address,Update,Medium Security,119142031100
72:9C:11:1A:28:FD,Known Company,Random Resolvable Private Address,Update,Medium Security,124192569066
EF:90:C2:ED:98:AD,Known Company,Random Static Address,Update,Medium Security,124194525889
EA:7C:8E:81:56:CE,Known Company,Random Static Address,Update,Medium Security,124202361723
47:2D:BC:82:0A:F9,Known Company,Random Resolvable Private Address,Update,Medium Security,135181742396
C5:18:3A:19:2B:BA,Known Company,Random Static Address,Update,Medium Security,135198290989
27:AB:D1:51:E3:F4,Known Company,Random Non-resolvable Private Address,Update,High Security,282768580410
57:08:E4:02:BB:74,Known Company,Random Resolvable Private Address,Update,Medium Security,211969185906
52:90:73:6C:36:1C,Known Company,Random Resolvable Private Address,Update,Medium Security,370403296835
72:34:D6:03:EF:D1,Known Company,Random Resolvable Private Address,Update,Medium Security,416441728900
CF:F3:09:55:23:80,Known Company,Random Static Address,Update,Medium Security,211990757155
06:1C:92:33:5D:4D,Known Company,Random Non-resolvable Private Address,Update,High Security,213390567676
C6:C0:8F:EC:5C:87,Known Company,Random Static Address,Update,Medium Security,292267061812
7B:63:A5:9F:F0:E6,Known Company,Random Resolvable Private Address,Update,Medium Security,213392726947
71:35:20:C4:3B:65,Known Company,Random Resolvable Private Address,Update,Medium Security,212015207260
55:C4:BA:D6:97:B2,Known Company,Random Resolvable Private Address,Update,Medium Security,281220726765
60:ED:32:85:29:1E,Known Company,Random Resolvable Private Address,Update,Medium Security,225837309442
42:81:15:24:4E:93,Known Company,Random Resolvable Private Address,Update,Medium Security,281231964994
7C:26:19:85:83:88,Known Company,Random Resolvable Private Address,Update,Medium Security,406937300154
62:D3:B1:17:53:28,Known Company,Random Resolvable Private Address,Update,Medium Security,225862331838
31:17:AF:A7:02:A0,Known Company,Random Non-resolvable Private Address,Update,High Security,338157990649
25:85:44:84:92:18,Known Company,Random Non-resolvable Private Address,Update,High Security,322808057009
25:EE:4F:7B:86:B9,Known Company,Random Non-resolvable Private Address,Update,High Security,228738951941
00:0B:21:2F:BE:4F,Known Company,Public Address,No Update,Low Security,225908323817
EC:F8:3D:FE:01:BB,Known Company,Random Static Address,Update,Medium Security,225928696109
0B:C1:8B:14:25:1F,Known Company,Random Non-resolvable Private Address,Update,High Security,438302747590
C7:01:DF:95:7D:D7,Known Company,Random Static Address,Update,Medium Security,225959521525
62:43:CA:78:D4:5E,Known Company,Random Resolvable Private Address,Update,Medium Security,228745257253
5E:F8:FB:41:03:C9,Known Company,Random Resolvable Private Address,Update,Medium Security,242544857613
58:16:C7:5C:61:70,Known Company,Random Resolvable Private Address,Update,Medium Security,242551480113
C1:55:F1:5F:42:8D,Known Company,Random Static Address,Update,Medium Security,242571906154
63:42:B2:DE:6E:71,Known Company,Random Resolvable Private Address,Update,Medium Security,395872068960
EB:1F:DF:D3:49:0C,Known Company,Random Static Address,Update,Medium Security,242608987925
D3:31:E9:65:E9:94,Known Company,Random Static Address,Update,Medium Security,242621752665
5B:B1:15:91:CD:B7,Known Company,Random Resolvable Private Address,Update,Medium Security,242696699227
8E:89:6B:80:03:C9,Unknown Company,Invalid,Update,Low Security,292355705719
1B:E4:6A:48:E7:6F,Known Company,Random Non-resolvable Private Address,Update,High Security,242711370946
F0:C7:74:96:07:09,Known Company,Random Static Address,Update,Medium Security,264498302292
68:31:3B:F3:E6:BC,Known Company,Random Resolvable Private Address,Update,Medium Security,264502565781
1F:34:3A:9F:06:98,Known Company,Random Non-resolvable Private Address,Update,High Security,264507233542
38:A8:2A:05:95:E4,Known Company,Random Non-resolvable Private Address,Update,High Security,322813161228
43:92:78:F9:F1:3F,Known Company,Random Resolvable Private Address,Update,Medium Security,264523852396
0F:FA:F0:5C:45:20,Known Company,Random Non-resolvable Private Address,Update,High Security,264526213073
F4:24:3A:5A:0D:15,Known Company,Random Static Address,Update,Medium Security,264528515104
DF:BF:C2:75:BE:52,Known Company,Random Static Address,Update,Medium Security,264531035781
52:ED:0E:1C:8F:5F,Known Company,Random Resolvable Private Address,Update,Medium Security,328841259038
F1:1F:3D:BE:84:B2,Known Company,Random Static Address,Update,Medium Security,275417478590
E4:32:C1:A8:D0:D2,Known Company,Random Static Address,Update,Medium Security,275421524840
78:C3:C8:18:D5:27,Known Company,Random Resolvable Private Address,Update,Medium Security,282854357753
E4:8B:5E:A9:B0:2D,Known Company,Random Static Address,Update,Medium Security,275425692079
5B:76:37:A0:F5:D3,Known Company,Random Resolvable Private Address,Update,Medium Security,281204268692
57:E2:98:BC:A2:E9,Known Company,Random Resolvable Private Address,Update,Medium Security,275433702548
F2:37:E0:1B:6B:77,Known Company,Random Static Address,Update,Medium Security,281243221452
CB:C6:4B:55:B2:3C,Known Company,Random Static Address,Update,Medium Security,292231319573
E4:E1:48:BC:D2:CD,Known Company,Random Static Address,Update,Medium Security,292246554573
48:57:EB:30:8E:D9,Known Company,Random Resolvable Private Address,Update,Medium Security,327349540653
60:C5:53:57:6C:72,Known Company,Random Resolvable Private Address,Update,Medium Security,292274501656
D5:D2:0A:35:B0:30,Known Company,Random Static Address,Update,Medium Security,292276046500
70:BA:7F:C6:EB:3B,Known Company,Random Resolvable Private Address,Update,Medium Security,438238127017
4C:02:58:F7:9D:46,Known Company,Random Resolvable Private Address,Update,Medium Security,292317204573
FA:0D:AC:D9:DB:3F,Known Company,Random Static Address,Update,Medium Security,304583497276
72:D6:00:62:9B:70,Known Company,Random Resolvable Private Address,Update,Medium Security,304586801443
0B:8C:D5:38:D2:2F,Unknown Company,Random Non-resolvable Private Address,Update,Low Security,330312422162
44:8D:01:61:4D:14,Known Company,Random Resolvable Private Address,Update,Medium Security,328096896695
40:C2:0D:09:64:4D,Known Company,Random Resolvable Private Address,Update,Medium Security,327275998778
58:B5:48:71:6B:39,Known Company,Random Resolvable Private Address,Update,Medium Security,416400512286
EA:C4:2B:3D:15:6B,Known Company,Random Static Address,Update,Medium Security,327296803934
D8:D3:46:4A:34:8D,Known Company,Random Static Address,Update,Medium Security,367409414648
50:6E:3E:ED:F2:EB,Known Company,Random Resolvable Private Address,Update,Medium Security,327321665028
D4:59:8C:7E:70:56,Known Company,Random Static Address,Update,Medium Security,327324601799
6A:6F:68:5D:B9:91,Known Company,Random Resolvable Private Address,Update,Medium Security,327327091122
47:73:05:26:E3:4E,Known Company,Random Resolvable Private Address,Update,Medium Security,416434959525
62:56:C0:6B:6D:A4,Known Company,Random Resolvable Private Address,Update,Medium Security,406983025571
21:C7:2E:F5:33:D5,Known Company,Random Non-resolvable Private Address,Update,High Security,338207453774
C3:07:4D:30:0E:61,Known Company,Random Static Address,Update,Medium Security,338209470441
65:32:B4:66:0D:BF,Known Company,Random Resolvable Private Address,Update,Medium Security,338235830753
6F:E2:8C:E4:60:97,Known Company,Random Resolvable Private Address,Update,Medium Security,338268318045
5A:36:A0:28:8E:60,Known Company,Random Resolvable Private Address,Update,Medium Security,416389358796
8D:A4:8E:70:A8:19,Unknown Company,Invalid,Update,Low Security,346980387521
71:64:85:D8:D3:55,Known Company,Random Resolvable Private Address,Update,Medium Security,346933234187
23:DD:B4:83:06:A2,Known Company,Random Non-resolvable Private Address,Update,High Security,346935428562
60:7F:68:98:B6:55,Known Company,Random Resolvable Private Address,Update,Medium Security,406955071769
32:56:A2:A2:D0:FD,Known Company,Random Non-resolvable Private Address,Update,High Security,363016410327
3E:9C:74:E7:6B:30,Known Company,Random Non-resolvable Private Address,Update,High Security,367359673659
10:C8:E4:BC:08:86,Known Company,Random Non-resolvable Private Address,Update,High Security,370486980428
47:CE:AE:0E:B4:B3,Known Company,Random Resolvable Private Address,Update,Medium Security,369007356262
56:F9:83:C2:61:CE,Known Company,Random Resolvable Private Address,Update,Medium Security,367388946263
65:08:92:9B:6B:0C,Known Company,Random Resolvable Private Address,Update,Medium Security,368223700377
4B:CE:AC:25:06:19,Known Company,Random Resolvable Private Address,Update,Medium Security,367415966627
F0:B3:EC:1B:72:E4,Known Company,Public Address,No Update,Low Security,367442958763
68:72:C3:C1:77:09,Known Company,Public Address,No Update,Low Security,367445181055
7D:EA:94:39:AF:A4,Known Company,Random Resolvable Private Address,Update,Medium Security,367453406627
48:3F:C4:EB:B0:B7,Known Company,Random Resolvable Private Address,Update,Medium Security,367459071992
FE:C1:D4:21:FB:5C,Known Company,Random Static Address,Update,Medium Security,395858389065
4D:85:DD:A6:E8:05,Known Company,Random Resolvable Private Address,Update,Medium Security,395866916044
7A:87:DD:1C:60:39,Known Company,Random Resolvable Private Address,Update,Medium Security,395882418127
67:40:1C:8F:C4:FD,Known Company,Random Resolvable Private Address,Update,Medium Security,436902369674
06:51:48:40:68:E8,Known Company,Random Non-resolvable Private Address,Update,High Security,401695678489
41:9B:B1:FE:31:5E,Known Company,Random Resolvable Private Address,Update,Medium Security,401708074687
EC:81:93:5A:10:4A,Known Company,Public Address,No Update,Low Security,401712557552
41:A5:61:45:0E:5B,Known Company,Random Resolvable Private Address,Update,Medium Security,406971722602
47:1B:81:69:8B:B4,Known Company,Random Resolvable Private Address,Update,Medium Security,437533457955
75:18:B3:76:5E:48,Known Company,Random Resolvable Private Address,Update,Medium Security,406995375831
60:4F:3F:DE:88:19,Known Company,Random Resolvable Private Address,Update,Medium Security,406999663852
E2:37:6D:EA:F2:12,Known Company,Random Static Address,Update,Medium Security,416396913067
2F:8E:FC:07:F3:57,Known Company,Random Non-resolvable Private Address,Update,High Security,416419928900
61:3C:E0:AE:F1:84,Known Company,Random Resolvable Private Address,Update,Medium Security,416424742390
65:0C:E5:CF:59:A9,Known Company,Random Resolvable Private Address,Update,Medium Security,416431017755
3F:0A:F6:C9:02:D9,Known Company,Random Non-resolvable Private Address,Update,High Security,426494641136
4F:1F:9D:BD:4E:B7,Known Company,Random Resolvable Private Address,Update,Medium Security,426500889522
07:95:5C:A7:10:7F,Known Company,Random Non-resolvable Private Address,Update,High Security,436036274518
3F:89:65:38:70:D2,Known Company,Random Non-resolvable Private Address,Update,High Security,438276659934
31:AE:83:62:9B:67,Known Company,Random Non-resolvable Private Address,Update,High Security,436048321080
63:B2:C8:6D:09:B7,Known Company,Random Resolvable Private Address,Update,Medium Security,437546863788
FC:03:9F:65:F4:E1,Known Company,Public Address,No Update,Low Security,436078681653
D6:31:30:30:3D:17,Unknown Company,Random Static Address,Update,Low Security,436095738268
CC:B1:1A:87:99:5A,Known Company,Public Address,No Update,Low Security,436111352174
E4:7D:BD:B0:41:C3,Known Company,Public Address,No Update,Low Security,437529077747
78:BD:BC:CB:EB:C1,Known Company,Public Address,No Update,Low Security,438300719569
