23:21:C6:94:A3:71,Known Company,Random Non-resolvable Private Address,Update,High Security,2571987583685698
F8:04:2E:D6:5C:9D,Known Company,Public Address,No Update,Low Security,2571987584914916
07:24:AD:7B:29:D3,Known Company,Random Non-resolvable Private Address,Update,High Security,2571987593729031
CD:FC:41:53:78:12,Known Company,Random Static Address,Update,Medium Security,2571987599622729
56:46:E7:78:20:D3,Known Company,Random Resolvable Private Address,Update,Medium Security,2571987601612573
4F:D7:39:19:F8:D3,Known Company,Random Resolvable Private Address,Update,Medium Security,2571987603372677
27:1E:15:DE:3B:4C,Known Company,Random Non-resolvable Private Address,Update,High Security,2571987604655698
43:D4:12:4B:DC:07,Known Company,Random Resolvable Private Address,Update,Medium Security,2571987606029500
23:F6:5C:0A:C0:1E,Known Company,Random Non-resolvable Private Address,Update,High Security,2571987608292677
64:37:AE:6D:D1:FB,Known Company,Random Resolvable Private Address,Update,Medium Security,2571987610014916
6B:81:5B:61:0D:32,Known Company,Random Resolvable Private Address,Update,Medium Security,2571987615674187
23:21:C6:94:A3:71,Known Company,Random Non-resolvable Private Address,Update,High Security,2571988302120229
F8:04:2E:D6:5C:9D,Known Company,Public Address,No Update,Low Security,2571987720370281
07:24:AD:7B:29:D3,Known Company,Random Non-resolvable Private Address,Update,High Security,2571987672953979
64:37:AE:6D:D1:FB,Known Company,Random Resolvable Private Address,Update,Medium Security,2571988359241635
E4:22:A6:8F:15:8C,Known Company,Random Static Address,Update,Medium Security,2571987629223250
27:C4:51:5D:A6:7F,Known Company,Random Non-resolvable Private Address,Update,High Security,2571990640298144
63:52:F2:34:9A:F5,Known Company,Random Resolvable Private Address,Update,Medium Security,2571987635233875
23:21:C6:94:A3:71,Known Company,Random Non-resolvable Private Address,Update,High Security,2571989781441791
56:46:E7:78:20:D3,Known Company,Random Resolvable Private Address,Update,Medium Security,2571989794277520
27:1E:15:DE:3B:4C,Known Company,Random Non-resolvable Private Address,Update,High Security,2571990509649915
43:D4:12:4B:DC:07,Known Company,Random Resolvable Private Address,Update,Medium Security,2571989800614030
27:C4:51:5D:A6:7F,Known Company,Random Non-resolvable Private Address,Update,High Security,2571991389206269
23:21:C6:94:A3:71,Known Company,Random Non-resolvable Private Address,Update,High Security,2571991373971582
F8:04:2E:D6:5C:9D,Known Company,Public Address,No Update,Low Security,2571991393439446
64:37:AE:6D:D1:FB,Known Company,Random Resolvable Private Address,Update,Medium Security,2571991380745175
27:C4:51:5D:A6:7F,Known Company,Random Non-resolvable Private Address,Update,High Security,2571991389206269
63:52:F2:34:9A:F5,Known Company,Random Resolvable Private Address,Update,Medium Security,2571987635233875
75:4C:5C:ED:22:97,Known Company,Random Resolvable Private Address,Update,Medium Security,2571991394751790
78:31:E9:EF:76:B0,Known Company,Random Resolvable Private Address,Update,Medium Security,2571991255661009
98:06:3C:3E:F2:6B,Known Company,Public Address,No Update,Low Security,2571988355826791
DA:87:DD:B7:9B:59,Known Company,Random Static Address,Update,Medium Security,2571987647835802
07:24:AD:7B:29:D3,Known Company,Random Non-resolvable Private Address,Update,High Security,2572027032265006
26:78:2A:F6:0E:65,Known Company,Random Non-resolvable Private Address,Update,High Security,2572027057285995
07:24:AD:7B:29:D3,Known Company,Random Non-resolvable Private Address,Update,High Security,2572027127229485
41:75:92:44:36:28,Known Company,Random Resolvable Private Address,Update,Medium Security,2572049684428487
48:FD:31:31:B4:32,Known Company,Random Resolvable Private Address,Update,Medium Security,2572049689903070
64:37:AE:6D:D1:FB,Known Company,Random Resolvable Private Address,Update,Medium Security,2572049692376299
75:4C:5C:ED:22:97,Known Company,Random Resolvable Private Address,Update,Medium Security,2572049694551143
52:B0:A9:89:9D:FD,Known Company,Random Resolvable Private Address,Update,Medium Security,2572049696339789
08:A9:BE:7C:F9:18,Known Company,Random Non-resolvable Private Address,Update,High Security,2572049698017914
4C:90:E4:81:0E:5D,Known Company,Random Resolvable Private Address,Update,Medium Security,2572049699782601
48:FD:31:31:B4:32,Known Company,Random Resolvable Private Address,Update,Medium Security,2572050496799267
64:37:AE:6D:D1:FB,Known Company,Random Resolvable Private Address,Update,Medium Security,2572050429541195
75:4C:5C:ED:22:97,Known Company,Random Resolvable Private Address,Update,Medium Security,2572050492988642
4C:90:E4:81:0E:5D,Known Company,Random Resolvable Private Address,Update,Medium Security,2572050513242288
C6:3E:19:47:98:0E,Known Company,Random Static Address,Update,Medium Security,2572056916358536
15:35:B2:D9:C1:2F,Known Company,Random Non-resolvable Private Address,Update,High Security,2572056923636400
5C:63:3F:EA:3A:30,Known Company,Random Resolvable Private Address,Update,Medium Security,2572056927093119
7A:59:1C:AE:21:B6,Known Company,Random Resolvable Private Address,Update,Medium Security,2572056928725775
50:73:06:BE:12:58,Known Company,Random Resolvable Private Address,Update,Medium Security,2572056930458848
98:06:3C:3E:F2:6B,Known Company,Public Address,No Update,Low Security,2572056932197859
4F:5B:60:A1:88:79,Known Company,Random Resolvable Private Address,Update,Medium Security,2572056933748484
20:F5:0B:E9:A1:77,Known Company,Random Non-resolvable Private Address,Update,High Security,2572056935331505
D0:7C:F2:95:57:34,Known Company,Random Static Address,Update,Medium Security,2572056936230567
0E:FB:75:E8:7A:44,Known Company,Random Non-resolvable Private Address,Update,High Security,2572056938953432
51:FA:72:34:91:3E,Known Company,Random Resolvable Private Address,Update,Medium Security,2572056942186505
68:DC:88:D0:FE:95,Known Company,Random Resolvable Private Address,Update,Medium Security,2572056945661348
D2:07:AF:B5:7A:C0,Known Company,Random Static Address,Update,Medium Security,2572056946849734
32:6D:F0:AC:11:12,Known Company,Random Non-resolvable Private Address,Update,High Security,2572056949154109
15:35:B2:D9:C1:2F,Known Company,Random Non-resolvable Private Address,Update,High Security,2572057732169161
7A:59:1C:AE:21:B6,Known Company,Random Resolvable Private Address,Update,Medium Security,2572057742349161
98:06:3C:3E:F2:6B,Known Company,Public Address,No Update,Low Security,2572057641625150
4F:5B:60:A1:88:79,Known Company,Random Resolvable Private Address,Update,Medium Security,2572057738887181
20:F5:0B:E9:A1:77,Known Company,Random Non-resolvable Private Address,Update,High Security,2572057772022650
51:FA:72:34:91:3E,Known Company,Random Resolvable Private Address,Update,Medium Security,2572059141904681
68:DC:88:D0:FE:95,Known Company,Random Resolvable Private Address,Update,Medium Security,2572059147581035
15:35:B2:D9:C1:2F,Known Company,Random Non-resolvable Private Address,Update,High Security,2572059886075774
5C:63:3F:EA:3A:30,Known Company,Random Resolvable Private Address,Update,Medium Security,2572059919666764
0E:FB:75:E8:7A:44,Known Company,Random Non-resolvable Private Address,Update,High Security,2572059893533483
51:FA:72:34:91:3E,Known Company,Random Resolvable Private Address,Update,Medium Security,2572059980915410
68:DC:88:D0:FE:95,Known Company,Random Resolvable Private Address,Update,Medium Security,2572059975570618
7A:59:1C:AE:21:B6,Known Company,Random Resolvable Private Address,Update,Medium Security,2572059969995462
98:06:3C:3E:F2:6B,Known Company,Public Address,No Update,Low Security,2572060689066191
0E:FB:75:E8:7A:44,Known Company,Random Non-resolvable Private Address,Update,High Security,2572060693926451
68:DC:88:D0:FE:95,Known Company,Random Resolvable Private Address,Update,Medium Security,2572059975570618
32:6D:F0:AC:11:12,Known Company,Random Non-resolvable Private Address,Update,High Security,2572056949154109
43:8F:68:C6:1F:BE,Known Company,Random Resolvable Private Address,Update,Medium Security,2572056950721869
75:4C:5C:ED:22:97,Known Company,Random Resolvable Private Address,Update,Medium Security,2572060669408691
E9:DC:AA:D7:1F:CE,Known Company,Random Static Address,Update,Medium Security,2572056967279994
09:A1:5C:64:47:9B,Known Company,Random Non-resolvable Private Address,Update,High Security,2572059974448951
63:52:F2:34:9A:F5,Known Company,Random Resolvable Private Address,Update,Medium Security,2572059164376608
01:D3:03:A7:80:51,Known Company,Random Non-resolvable Private Address,Update,High Security,2572060643748170
47:4B:C0:FD:6D:41,Known Company,Random Resolvable Private Address,Update,Medium Security,2572072267913113
C6:8B:11:64:CC:89,Known Company,Random Static Address,Update,Medium Security,2572072273602697
09:A1:5C:64:47:9B,Known Company,Random Non-resolvable Private Address,Update,High Security,2572094180991438
50:DA:02:D0:D4:71,Known Company,Random Resolvable Private Address,Update,Medium Security,2572094204997272
F1:67:0B:C9:15:3B,Known Company,Random Static Address,Update,Medium Security,2572102928242737
5C:63:3F:EA:3A:30,Known Company,Random Resolvable Private Address,Update,Medium Security,2572102929657320
27:C4:51:5D:A6:7F,Known Company,Random Non-resolvable Private Address,Update,High Security,2572102931516539
F8:04:2E:D6:5C:9D,Known Company,Public Address,No Update,Low Security,2572102932853883
1B:12:D8:06:75:F7,Known Company,Random Non-resolvable Private Address,Update,High Security,2572102934058310
65:D1:D5:F0:7E:73,Known Company,Random Resolvable Private Address,Update,Medium Security,2572102935370237
D7:01:32:76:52:2E,Known Company,Random Static Address,Update,Medium Security,2572102943678935
45:45:E1:47:E8:05,Known Company,Random Resolvable Private Address,Update,Medium Security,2572102952057477
59:92:35:12:30:DD,Known Company,Random Resolvable Private Address,Update,Medium Security,2572102957768935
0E:FB:75:E8:7A:44,Known Company,Random Non-resolvable Private Address,Update,High Security,2572102960547737
5C:63:3F:EA:3A:30,Known Company,Random Resolvable Private Address,Update,Medium Security,2572103676825862
27:C4:51:5D:A6:7F,Known Company,Random Non-resolvable Private Address,Update,High Security,2572103688741903
F8:04:2E:D6:5C:9D,Known Company,Public Address,No Update,Low Security,2572103078441747
1B:12:D8:06:75:F7,Known Company,Random Non-resolvable Private Address,Update,High Security,2572103669344872
08:A9:BE:7C:F9:18,Known Company,Random Non-resolvable Private Address,Update,High Security,2572103709375445
75:4C:5C:ED:22:97,Known Company,Random Resolvable Private Address,Update,Medium Security,2572105239335132
07:24:AD:7B:29:D3,Known Company,Random Non-resolvable Private Address,Update,High Security,2572104435769143
21:54:C7:12:73:62,Known Company,Random Non-resolvable Private Address,Update,High Security,2572104431557111
6E:3A:6B:E5:00:56,Known Company,Random Resolvable Private Address,Update,Medium Security,2572104399036070
27:C4:51:5D:A6:7F,Known Company,Random Non-resolvable Private Address,Update,High Security,2572105161832892
F8:04:2E:D6:5C:9D,Known Company,Public Address,No Update,Low Security,2572104445701382
1B:12:D8:06:75:F7,Known Company,Random Non-resolvable Private Address,Update,High Security,2572105136156903
45:45:E1:47:E8:05,Known Company,Random Resolvable Private Address,Update,Medium Security,2572105146692632
0E:FB:75:E8:7A:44,Known Company,Random Non-resolvable Private Address,Update,High Security,2572105149783049
08:A9:BE:7C:F9:18,Known Company,Random Non-resolvable Private Address,Update,High Security,2572106547064611
75:4C:5C:ED:22:97,Known Company,Random Resolvable Private Address,Update,Medium Security,2572106655708100
1B:12:D8:06:75:F7,Known Company,Random Non-resolvable Private Address,Update,High Security,2572106596137006
0E:FB:75:E8:7A:44,Known Company,Random Non-resolvable Private Address,Update,High Security,2572106604587319
5D:5D:8C:CA:08:64,Known Company,Random Resolvable Private Address,Update,Medium Security,2573169481871809
51:7D:47:24:42:49,Known Company,Random Resolvable Private Address,Update,Medium Security,2573169516729726
2F:3E:B4:AC:6C:64,Known Company,Random Non-resolvable Private Address,Update,High Security,2573169536506601
78:0E:75:5F:4B:8B,Known Company,Random Resolvable Private Address,Update,Medium Security,2573169545683684
58:02:C9:8E:88:EC,Known Company,Random Resolvable Private Address,Update,Medium Security,2573169550717278
19:58:74:5A:AD:97,Known Company,Random Non-resolvable Private Address,Update,High Security,2573169553479257
61:D5:70:CC:AF:08,Known Company,Random Resolvable Private Address,Update,Medium Security,2573169556142695
2D:71:0A:8F:21:8F,Known Company,Random Non-resolvable Private Address,Update,High Security,2573169558051393
43:B8:A4:A7:3B:6F,Known Company,Random Resolvable Private Address,Update,Medium Security,2573169563084466
1D:41:14:E8:BB:70,Known Company,Random Non-resolvable Private Address,Update,High Security,2573169564212747
15:A4:C2:88:29:50,Known Company,Random Non-resolvable Private Address,Update,High Security,2573169565457226
09:F9:27:75:D7:37,Known Company,Random Non-resolvable Private Address,Update,High Security,2573169924958997
47:5B:5B:E1:65:B1,Known Company,Random Resolvable Private Address,Update,Medium Security,2573170044207851
67:3A:2C:51:EE:7F,Known Company,Random Resolvable Private Address,Update,Medium Security,2573169580221236
51:80:49:74:93:F7,Known Company,Random Resolvable Private Address,Update,Medium Security,2573169834005715
7B:9C:97:51:C0:63,Known Company,Random Resolvable Private Address,Update,Medium Security,2573169583723059
67:D6:AF:C0:92:92,Known Company,Random Resolvable Private Address,Update,Medium Security,2573169585219570
5D:5D:8C:CA:08:64,Known Company,Random Resolvable Private Address,Update,Medium Security,2573170069837070
2F:3E:B4:AC:6C:64,Known Company,Random Non-resolvable Private Address,Update,High Security,2573169610255351
58:02:C9:8E:88:EC,Known Company,Random Resolvable Private Address,Update,Medium Security,2573170063868580
19:58:74:5A:AD:97,Known Company,Random Non-resolvable Private Address,Update,High Security,2573170051159934
2D:71:0A:8F:21:8F,Known Company,Random Non-resolvable Private Address,Update,High Security,2573169956024257
43:B8:A4:A7:3B:6F,Known Company,Random Resolvable Private Address,Update,Medium Security,2573169818404465
1D:41:14:E8:BB:70,Known Company,Random Non-resolvable Private Address,Update,High Security,2573169887825768
15:A4:C2:88:29:50,Known Company,Random Non-resolvable Private Address,Update,High Security,2573169565457226
09:F9:27:75:D7:37,Known Company,Random Non-resolvable Private Address,Update,High Security,2573172153972433
47:5B:5B:E1:65:B1,Known Company,Random Resolvable Private Address,Update,Medium Security,2573171881572017
67:3A:2C:51:EE:7F,Known Company,Random Resolvable Private Address,Update,Medium Security,2573170677107538
7B:9C:97:51:C0:63,Known Company,Random Resolvable Private Address,Update,Medium Security,2573171212332642
67:D6:AF:C0:92:92,Known Company,Random Resolvable Private Address,Update,Medium Security,2573170688588840
46:A0:A5:B2:63:BE,Known Company,Random Resolvable Private Address,Update,Medium Security,2573172442831652
56:39:67:65:A6:C0,Known Company,Random Resolvable Private Address,Update,Medium Security,2573172003572694
78:DF:E9:67:B0:E8,Known Company,Random Resolvable Private Address,Update,Medium Security,2573172323290871
5D:5D:8C:CA:08:64,Known Company,Random Resolvable Private Address,Update,Medium Security,2573172235978683
51:7D:47:24:42:49,Known Company,Random Resolvable Private Address,Update,Medium Security,2573170610392017
2F:3E:B4:AC:6C:64,Known Company,Random Non-resolvable Private Address,Update,High Security,2573172011281288
78:0E:75:5F:4B:8B,Known Company,Random Resolvable Private Address,Update,Medium Security,2573170623662642
58:02:C9:8E:88:EC,Known Company,Random Resolvable Private Address,Update,Medium Security,2573171699438527
19:58:74:5A:AD:97,Known Company,Random Non-resolvable Private Address,Update,High Security,2573172143819517
61:D5:70:CC:AF:08,Known Company,Random Resolvable Private Address,Update,Medium Security,2573171450651340
2D:71:0A:8F:21:8F,Known Company,Random Non-resolvable Private Address,Update,High Security,2573172342898579
43:B8:A4:A7:3B:6F,Known Company,Random Resolvable Private Address,Update,Medium Security,2573171479946548
1D:41:14:E8:BB:70,Known Company,Random Non-resolvable Private Address,Update,High Security,2573172468471183
15:A4:C2:88:29:50,Known Company,Random Non-resolvable Private Address,Update,High Security,2573176571492380
09:F9:27:75:D7:37,Known Company,Random Non-resolvable Private Address,Update,High Security,2573182463064252
47:5B:5B:E1:65:B1,Known Company,Random Resolvable Private Address,Update,Medium Security,2573177973268369
67:3A:2C:51:EE:7F,Known Company,Random Resolvable Private Address,Update,Medium Security,2573174386332224
51:80:49:74:93:F7,Known Company,Random Resolvable Private Address,Update,Medium Security,2573180863597117
7B:9C:97:51:C0:63,Known Company,Random Resolvable Private Address,Update,Medium Security,2573181675525086
46:A0:A5:B2:63:BE,Known Company,Random Resolvable Private Address,Update,Medium Security,2573180906404357
56:39:67:65:A6:C0,Known Company,Random Resolvable Private Address,Update,Medium Security,2573182454741752
78:DF:E9:67:B0:E8,Known Company,Random Resolvable Private Address,Update,Medium Security,2573181668993211
5D:5D:8C:CA:08:64,Known Company,Random Resolvable Private Address,Update,Medium Security,2573182448458263
51:7D:47:24:42:49,Known Company,Random Resolvable Private Address,Update,Medium Security,2573178011380869
2F:3E:B4:AC:6C:64,Known Company,Random Non-resolvable Private Address,Update,High Security,2573182456559200
78:0E:75:5F:4B:8B,Known Company,Random Resolvable Private Address,Update,Medium Security,2573172841613579
58:02:C9:8E:88:EC,Known Company,Random Resolvable Private Address,Update,Medium Security,2573180927077899
19:58:74:5A:AD:97,Known Company,Random Non-resolvable Private Address,Update,High Security,2573181594358680
61:D5:70:CC:AF:08,Known Company,Random Resolvable Private Address,Update,Medium Security,2573178037148421
2D:71:0A:8F:21:8F,Known Company,Random Non-resolvable Private Address,Update,High Security,2573181676440815
43:B8:A4:A7:3B:6F,Known Company,Random Resolvable Private Address,Update,Medium Security,2573180871668263
1D:41:14:E8:BB:70,Known Company,Random Non-resolvable Private Address,Update,High Security,2573182305251075
79:69:EB:3F:CC:2D,Known Company,Random Resolvable Private Address,Update,Medium Security,2573216593579708
71:86:AB:D8:A2:12,Known Company,Random Resolvable Private Address,Update,Medium Security,2573216621366843
F8:04:2E:D6:5C:9D,Known Company,Public Address,No Update,Low Security,2573216623198614
47:4B:C0:FD:6D:41,Known Company,Random Resolvable Private Address,No Update,Medium Security,2573216627696479
2D:71:0A:8F:21:8F,Known Company,Random Non-resolvable Private Address,Update,High Security,2573216629708406
65:B7:84:99:5F:FC,Known Company,Random Resolvable Private Address,Update,Medium Security,2573216640773354
F8:04:2E:D6:5C:9D,Known Company,Public Address,No Update,Low Security,2573216713413458
4C:D4:63:78:FC:39,Known Company,Random Resolvable Private Address,Update,Medium Security,2573216644961791
78:DF:E9:67:B0:E8,Known Company,Random Resolvable Private Address,Update,Medium Security,2573216646963823
1C:BC:13:C9:76:FE,Known Company,Random Non-resolvable Private Address,Update,High Security,2573216649122260
2E:03:6F:B9:85:DD,Known Company,Random Non-resolvable Private Address,Update,High Security,2573216651437156
19:58:74:5A:AD:97,Known Company,Random Non-resolvable Private Address,Update,High Security,2573217433385176
F2:78:67:89:3F:CF,Known Company,Random Static Address,Update,Medium Security,2573216657971583
1D:41:14:E8:BB:70,Known Company,Random Non-resolvable Private Address,Update,High Security,2573217442766999
F4:F1:5C:57:82:82,Known Company,Random Static Address,Update,Medium Security,2573216739284864
F8:04:2E:D6:5C:9D,Known Company,Public Address,No Update,Low Security,2573217480692676
47:4B:C0:FD:6D:41,Known Company,Random Resolvable Private Address,No Update,Medium Security,2573217415449812
2D:71:0A:8F:21:8F,Known Company,Random Non-resolvable Private Address,Update,High Security,2573217408902468
2E:03:6F:B9:85:DD,Known Company,Random Non-resolvable Private Address,Update,High Security,2573217432151010
19:58:74:5A:AD:97,Known Company,Random Non-resolvable Private Address,Update,High Security,2573218074969760
1D:41:14:E8:BB:70,Known Company,Random Non-resolvable Private Address,Update,High Security,2573217442766999
F8:04:2E:D6:5C:9D,Known Company,Public Address,No Update,Low Security,2573218096889030
1C:BC:13:C9:76:FE,Known Company,Random Non-resolvable Private Address,Update,High Security,2573218167060332
2E:03:6F:B9:85:DD,Known Company,Random Non-resolvable Private Address,Update,High Security,2573218087433197
19:58:74:5A:AD:97,Known Company,Random Non-resolvable Private Address,Update,High Security,2573218878080540
1D:41:14:E8:BB:70,Known Company,Random Non-resolvable Private Address,Update,High Security,2573218843159186
F4:F1:5C:57:82:82,Known Company,Random Static Address,Update,Medium Security,2573216739284864
7C:88:02:B3:42:CD,Known Company,Random Resolvable Private Address,Update,Medium Security,2573216677161323
F8:04:2E:D6:5C:9D,Known Company,Public Address,No Update,Low Security,2573218852584759
47:4B:C0:FD:6D:41,Known Company,Random Resolvable Private Address,No Update,Medium Security,2573218856536218
78:DF:E9:67:B0:E8,Known Company,Random Resolvable Private Address,Update,Medium Security,2573218832679291
1C:BC:13:C9:76:FE,Known Company,Random Non-resolvable Private Address,Update,High Security,2573218898618197
2E:03:6F:B9:85:DD,Known Company,Random Non-resolvable Private Address,Update,High Security,2573218899730853
19:58:74:5A:AD:97,Known Company,Random Non-resolvable Private Address,Update,High Security,2573220278532207
1C:BC:13:C9:76:FE,Known Company,Random Non-resolvable Private Address,Update,High Security,2573220363417623
2E:03:6F:B9:85:DD,Known Company,Random Non-resolvable Private Address,Update,High Security,2573220353610592
F8:04:2E:D6:5D:31,Known Company,Public Address,No Update,Low Security,2573253119312402
12:FC:99:01:32:68,Known Company,Random Non-resolvable Private Address,Update,High Security,2573253144830423
7E:8E:AA:10:49:24,Known Company,Random Resolvable Private Address,Update,Medium Security,2573253157637298
7B:D0:5E:9D:A6:70,Known Company,Random Resolvable Private Address,Update,Medium Security,2573262655045472
98:06:3C:3E:F2:6B,Known Company,Public Address,No Update,Low Security,2573262656357243
73:2A:CF:7C:33:D2,Known Company,Random Resolvable Private Address,Update,Medium Security,2573262661548597
F3:30:55:57:D4:84,Known Company,Random Static Address,Update,Medium Security,2573262665683180
6F:A9:BA:30:7D:59,Known Company,Random Resolvable Private Address,Update,Medium Security,2573262668148753
09:F9:27:75:D7:37,Known Company,Random Non-resolvable Private Address,Update,High Security,2573262669993597
1D:41:14:E8:BB:70,Known Company,Random Non-resolvable Private Address,Update,High Security,2573262674647868
1D:41:14:E8:BB:70,Known Company,Random Non-resolvable Private Address,Update,High Security,2573262783851513
68:19:39:4C:40:A8,Known Company,Random Resolvable Private Address,Update,Medium Security,2573262688704326
2E:03:6F:B9:85:DD,Known Company,Random Non-resolvable Private Address,Update,High Security,2573262709802503
F8:04:2E:D6:5C:9D,Known Company,Public Address,No Update,Low Security,2573262732730888
D3:A3:CC:3E:23:52,Known Company,Random Static Address,Update,Medium Security,2573262743390003
2D:71:0A:8F:21:8F,Known Company,Random Non-resolvable Private Address,Update,High Security,2573262747785055
35:F6:C9:79:78:C6,Known Company,Random Non-resolvable Private Address,Update,High Security,2573264217529794
09:F9:27:75:D7:37,Known Company,Random Non-resolvable Private Address,Update,High Security,2573264152147971
1D:41:14:E8:BB:70,Known Company,Random Non-resolvable Private Address,Update,High Security,2573264150595159
2E:03:6F:B9:85:DD,Known Company,Random Non-resolvable Private Address,Update,High Security,2573264166223075
35:F6:C9:79:78:C6,Known Company,Random Non-resolvable Private Address,Update,High Security,2573264917183752
7E:8E:AA:10:49:24,Known Company,Random Resolvable Private Address,Update,Medium Security,2573264143105054
73:2A:CF:7C:33:D2,Known Company,Random Resolvable Private Address,Update,Medium Security,2573264912033388
1D:41:14:E8:BB:70,Known Company,Random Non-resolvable Private Address,Update,High Security,2573264933869690
2E:03:6F:B9:85:DD,Known Company,Random Non-resolvable Private Address,Update,High Security,2573264937204377
F8:04:2E:D6:5C:9D,Known Company,Public Address,No Update,Low Security,2573264921665002
2D:71:0A:8F:21:8F,Known Company,Random Non-resolvable Private Address,Update,High Security,2573266268675366
35:F6:C9:79:78:C6,Known Company,Random Non-resolvable Private Address,Update,High Security,2573265525792919
7E:8E:AA:10:49:24,Known Company,Random Resolvable Private Address,Update,Medium Security,2573265536688387
09:F9:27:75:D7:37,Known Company,Random Non-resolvable Private Address,Update,High Security,2573266379437033
1D:41:14:E8:BB:70,Known Company,Random Non-resolvable Private Address,Update,High Security,2573266269823804
2E:03:6F:B9:85:DD,Known Company,Random Non-resolvable Private Address,Update,High Security,2573265632028908
F8:04:2E:D6:5C:9D,Known Company,Public Address,No Update,Low Security,2573266376194897
00:00:90:72:31:99,Known Company,Public Address,No Update,Low Security,2575404649682780
13:95:DA:BB:43:50,Known Company,Random Non-resolvable Private Address,Update,High Security,2575404655864238
63:62:3A:F1:BD:43,Known Company,Random Resolvable Private Address,Update,Medium Security,2575404665465280
7A:C7:30:DF:B0:4D,Known Company,Random Resolvable Private Address,Update,Medium Security,2575404676841894
4F:01:C1:62:F9:20,Known Company,Random Resolvable Private Address,Update,Medium Security,2575404680237519
6E:0C:9B:29:D6:2E,Known Company,Random Resolvable Private Address,Update,Medium Security,2575404681848925
13:CE:26:9A:69:53,Known Company,Random Non-resolvable Private Address,Update,High Security,2575404684475592
29:EA:B8:E0:4B:A0,Known Company,Random Non-resolvable Private Address,Update,High Security,2575404685494394
4A:72:4F:91:2C:B5,Known Company,Random Resolvable Private Address,Update,Medium Security,2575404687786894
0E:EF:35:A7:68:86,Known Company,Random Non-resolvable Private Address,Update,High Security,2575404689722728
F4:41:40:1D:CC:5C,Known Company,Random Static Address,Update,Medium Security,2575404700002415
41:DF:F6:94:E1:78,Known Company,Random Resolvable Private Address,Update,Medium Security,2575406066181946
F8:04:2E:D6:5D:31,Known Company,Public Address,No Update,Low Security,2575406045570748
76:A6:AD:B2:6B:E9,Known Company,Random Resolvable Private Address,Update,Medium Security,2575405805471217
5B:D3:67:8C:63:33,Known Company,Random Resolvable Private Address,Update,Medium Security,2575405627987102
7C:C5:48:80:11:AD,Known Company,Random Resolvable Private Address,Update,Medium Security,2575405810966685
4F:01:C1:62:F9:20,Known Company,Random Resolvable Private Address,Update,Medium Security,2575418129873868
03:FF:94:2E:69:9A,Known Company,Random Non-resolvable Private Address,Update,High Security,2575418141143764
44:1E:8E:13:54:79,Known Company,Random Resolvable Private Address,Update,Medium Security,2575418144612670
39:FA:9C:2A:0E:E8,Known Company,Random Non-resolvable Private Address,Update,High Security,2575418148147566
C3:DD:49:D6:50:F3,Known Company,Random Static Address,Update,Medium Security,2575418149782931
69:E2:ED:11:2C:52,Known Company,Random Resolvable Private Address,Update,Medium Security,2575418151333556
F8:04:2E:D6:5C:9D,Known Company,Public Address,No Update,Low Security,2575418152115274
5D:5D:8C:CA:08:64,Known Company,Random Resolvable Private Address,No Update,Medium Security,2577340960729124
37:85:1E:F4:D8:EF,Known Company,Random Non-resolvable Private Address,Update,High Security,2577340996730999
73:A8:44:54:67:E0,Known Company,Random Resolvable Private Address,Update,Medium Security,2577341002554228
09:7E:BC:04:7D:D5,Known Company,Random Non-resolvable Private Address,Update,High Security,2577341006108603
77:14:7F:EA:38:E0,Known Company,Random Resolvable Private Address,Update,Medium Security,2577341007784801
14:DB:48:98:61:58,Known Company,Random Non-resolvable Private Address,Update,High Security,2577341009166103
EB:A6:C4:87:B7:E4,Known Company,Random Static Address,Update,Medium Security,2577341011420322
71:D8:6C:3F:D4:04,Known Company,Random Resolvable Private Address,Update,Medium Security,2577341012575166
5D:5D:8C:CA:08:64,Known Company,Random Resolvable Private Address,No Update,Medium Security,2577341443467770
37:85:1E:F4:D8:EF,Known Company,Random Non-resolvable Private Address,Update,High Security,2577341156603187
73:A8:44:54:67:E0,Known Company,Random Resolvable Private Address,Update,Medium Security,2577341255306364
09:7E:BC:04:7D:D5,Known Company,Random Non-resolvable Private Address,Update,High Security,2577341294805322
77:14:7F:EA:38:E0,Known Company,Random Resolvable Private Address,Update,Medium Security,2577341286634749
14:DB:48:98:61:58,Known Company,Random Non-resolvable Private Address,Update,High Security,2577341401938030
F8:04:2E:D6:5D:31,Known Company,Public Address,No Update,Low Security,2577341463791572
28:95:22:CB:06:DF,Known Company,Random Non-resolvable Private Address,Update,High Security,2577341015332510
50:06:9C:0B:82:2A,Known Company,Random Resolvable Private Address,Update,Medium Security,2577343249243030
F8:04:2E:D6:5C:9D,Known Company,Public Address,No Update,Low Security,2577343613040634
5D:95:49:06:CE:B5,Known Company,Random Resolvable Private Address,Update,Medium Security,2577343661063394
36:DF:0F:FD:47:4F,Known Company,Random Non-resolvable Private Address,Update,High Security,2577342619575009
43:84:7A:9B:6F:1D,Known Company,Random Resolvable Private Address,Update,Medium Security,2577341797969801
F1:8F:A8:C6:E0:F1,Known Company,Random Static Address,Update,Medium Security,2577369132531614
78:A7:D3:5E:07:86,Known Company,Random Resolvable Private Address,Update,Medium Security,2577369136945259
15:04:A8:E6:2B:2E,Known Company,Random Non-resolvable Private Address,Update,High Security,2577369138946301
15:7D:36:B2:FC:6C,Known Company,Random Non-resolvable Private Address,Update,High Security,2577369143135832
F8:04:2E:D6:5C:9D,Known Company,Public Address,No Update,Low Security,2577369144855051
05:F3:C5:2D:9B:CE,Known Company,Random Non-resolvable Private Address,Update,High Security,2577369146380468
15:7D:36:B2:FC:6C,Known Company,Random Non-resolvable Private Address,Update,High Security,2577369948265259
F8:04:2E:D6:5C:9D,Known Company,Public Address,No Update,Low Security,2577369903146092
05:F3:C5:2D:9B:CE,Known Company,Random Non-resolvable Private Address,Update,High Security,2577369985112551
32:74:EE:6C:12:89,Known Company,Random Non-resolvable Private Address,Update,High Security,2577369190389166
3C:99:F3:21:BC:DE,Known Company,Random Non-resolvable Private Address,Update,High Security,2577369192023072
5D:CB:D7:FB:B6:70,Known Company,Random Resolvable Private Address,Update,Medium Security,2577369196322811
C9:51:0A:11:4B:B4,Known Company,Random Static Address,Update,Medium Security,2577369201546978
43:84:7A:9B:6F:1D,Known Company,Random Resolvable Private Address,Update,Medium Security,2577369203572551
41:A2:F7:22:DA:C8,Known Company,Random Resolvable Private Address,Update,Medium Security,2577370637411457
5D:5D:8C:CA:08:64,Known Company,Random Resolvable Private Address,No Update,Medium Security,2577370656002290
D2:CD:3A:50:A3:4B,Known Company,Random Static Address,Update,Medium Security,2577369211271509
16:6C:00:F5:02:35,Known Company,Random Non-resolvable Private Address,Update,High Security,2577369214994582
78:A7:D3:5E:07:86,Known Company,Random Resolvable Private Address,Update,Medium Security,2577371323942342
15:04:A8:E6:2B:2E,Known Company,Random Non-resolvable Private Address,Update,High Security,2577371367542498
05:F3:C5:2D:9B:CE,Known Company,Random Non-resolvable Private Address,Update,High Security,2577371351967654
32:74:EE:6C:12:89,Known Company,Random Non-resolvable Private Address,Update,High Security,2577370688336561
5D:CB:D7:FB:B6:70,Known Company,Random Resolvable Private Address,Update,Medium Security,2577370632443488
43:84:7A:9B:6F:1D,Known Company,Random Resolvable Private Address,Update,Medium Security,2577369203572551
41:A2:F7:22:DA:C8,Known Company,Random Resolvable Private Address,Update,Medium Security,2577370637411457
78:A7:D3:5E:07:86,Known Company,Random Resolvable Private Address,Update,Medium Security,2577373031318695
15:04:A8:E6:2B:2E,Known Company,Random Non-resolvable Private Address,Update,High Security,2577372897125727
05:F3:C5:2D:9B:CE,Known Company,Random Non-resolvable Private Address,Update,High Security,2577372915870779
41:A2:F7:22:DA:C8,Known Company,Random Resolvable Private Address,Update,Medium Security,2577370637411457
15:7D:36:B2:FC:6C,Known Company,Random Non-resolvable Private Address,Update,High Security,2577373617108435
05:F3:C5:2D:9B:CE,Known Company,Random Non-resolvable Private Address,Update,High Security,2577373549811820
55:74:2F:46:C5:29,Known Company,Random Resolvable Private Address,Update,Medium Security,2577391110329209
DD:F2:45:12:2A:1C,Known Company,Random Static Address,Update,Medium Security,2577391132259001
3C:99:F3:21:BC:DE,Known Company,Random Non-resolvable Private Address,Update,High Security,2577391147228949
F8:04:2E:D6:5D:31,Known Company,Public Address,No Update,Low Security,2577391153673324
05:F3:C5:2D:9B:CE,Known Company,Random Non-resolvable Private Address,Update,High Security,2577391156512334
32:74:EE:6C:12:89,Known Company,Random Non-resolvable Private Address,Update,High Security,2577391158950251
28:95:22:CB:06:DF,Known Company,Random Non-resolvable Private Address,Update,High Security,2577391161124209
F8:04:2E:D6:5C:9D,Known Company,Public Address,No Update,Low Security,2577391163694991
36:DF:0F:FD:47:4F,Known Company,Random Non-resolvable Private Address,Update,High Security,2577391164905043
79:94:9B:90:A2:9A,Known Company,Random Resolvable Private Address,Update,Medium Security,2577391166624157
D9:AA:36:E7:6E:89,Known Company,Random Static Address,Update,Medium Security,2577391172023741
F1:8F:A8:C6:E0:F1,Known Company,Random Static Address,Update,Medium Security,2577391174262074
43:84:7A:9B:6F:1D,Known Company,Random Resolvable Private Address,Update,Medium Security,2577391176243116
78:38:0C:CC:1B:18,Known Company,Random Resolvable Private Address,Update,Medium Security,2577391183724470
55:74:2F:46:C5:29,Known Company,Random Resolvable Private Address,Update,Medium Security,2577391826818897
3C:99:F3:21:BC:DE,Known Company,Random Non-resolvable Private Address,Update,High Security,2577391836275251
F8:04:2E:D6:5D:31,Known Company,Public Address,No Update,Low Security,2577391871141084
F8:04:2E:D6:5C:9D,Known Company,Public Address,No Update,Low Security,2577391884163844
D9:AA:36:E7:6E:89,Known Company,Random Static Address,Update,Medium Security,2577391172023741
78:38:0C:CC:1B:18,Known Company,Random Resolvable Private Address,Update,Medium Security,2577391183724470
55:74:2F:46:C5:29,Known Company,Random Resolvable Private Address,Update,Medium Security,2577392622338636
F8:04:2E:D6:5D:31,Known Company,Public Address,No Update,Low Security,2577392626968323
32:74:EE:6C:12:89,Known Company,Random Non-resolvable Private Address,Update,High Security,2577392609427646
F8:04:2E:D6:5C:9D,Known Company,Public Address,No Update,Low Security,2577392514876761
D9:AA:36:E7:6E:89,Known Company,Random Static Address,Update,Medium Security,2577391172023741
78:38:0C:CC:1B:18,Known Company,Random Resolvable Private Address,Update,Medium Security,2577391183724470
CE:50:AF:AB:D1:AF,Known Company,Random Static Address,Update,Medium Security,2577391185589626
51:3A:E9:64:2F:2E,Known Company,Random Resolvable Private Address,Update,Medium Security,2577393372680094
55:74:2F:46:C5:29,Known Company,Random Resolvable Private Address,Update,Medium Security,2577393280181292
F8:04:2E:D6:5D:31,Known Company,Public Address,No Update,Low Security,2577393278614938
32:74:EE:6C:12:89,Known Company,Random Non-resolvable Private Address,Update,High Security,2577393353410927
28:95:22:CB:06:DF,Known Company,Random Non-resolvable Private Address,Update,High Security,2577393405803896
F8:04:2E:D6:5C:9D,Known Company,Public Address,No Update,Low Security,2577393292623844
79:94:9B:90:A2:9A,Known Company,Random Resolvable Private Address,Update,Medium Security,2577393329333896
D9:AA:36:E7:6E:89,Known Company,Random Static Address,Update,Medium Security,2577391172023741
43:84:7A:9B:6F:1D,Known Company,Random Resolvable Private Address,Update,Medium Security,2577394746645666
55:74:2F:46:C5:29,Known Company,Random Resolvable Private Address,Update,Medium Security,2577394865457854
32:74:EE:6C:12:89,Known Company,Random Non-resolvable Private Address,Update,High Security,2577394859596395
36:DF:0F:FD:47:4F,Known Company,Random Non-resolvable Private Address,Update,High Security,2577394748744573
42:CC:63:F1:FA:8C,Known Company,Random Resolvable Private Address,Update,Medium Security,2579266594087244
2F:98:8A:AF:D3:B1,Known Company,Random Non-resolvable Private Address,Update,High Security,2579266601970577
28:1D:CD:60:58:F5,Known Company,Random Non-resolvable Private Address,Update,High Security,2579266605472713
0F:B2:BB:B7:41:97,Known Company,Random Non-resolvable Private Address,Update,High Security,2579266608364588
2F:98:8A:AF:D3:B1,Known Company,Random Non-resolvable Private Address,Update,High Security,2579266795153598
28:1D:CD:60:58:F5,Known Company,Random Non-resolvable Private Address,Update,High Security,2579266759638338
0F:B2:BB:B7:41:97,Known Company,Random Non-resolvable Private Address,Update,High Security,2579266788083077
04:17:FD:AD:1B:75,Known Company,Random Non-resolvable Private Address,Update,High Security,2579266741561879
68:C2:37:C0:71:41,Known Company,Random Resolvable Private Address,Update,Medium Security,2579266755222348
F3:A5:C4:EC:DB:12,Known Company,Random Static Address,Update,Medium Security,2579266701077869
7B:2F:25:B1:97:AE,Known Company,Random Resolvable Private Address,Update,Medium Security,2579266703557296
40:51:30:A4:90:CB,Known Company,Random Resolvable Private Address,Update,Medium Security,2579266705473650
6B:6E:4B:56:E5:E6,Known Company,Random Resolvable Private Address,Update,Medium Security,2579266707278650
6E:D9:04:5B:13:13,Known Company,Random Resolvable Private Address,Update,Medium Security,2579266709470577
44:32:16:B4:38:BC,Known Company,Random Resolvable Private Address,Update,Medium Security,2579268053171983
5F:7B:D4:32:DA:43,Known Company,Random Resolvable Private Address,Update,Medium Security,2579268038984483
EA:98:26:6F:C0:A5,Known Company,Random Static Address,Update,Medium Security,2579266715890681
E5:1D:5F:6C:4C:5A,Known Company,Random Static Address,Update,Medium Security,2579266717614796
05:06:49:E1:CD:8D,Known Company,Random Non-resolvable Private Address,Update,High Security,2579268018941098
CE:DC:DE:86:14:44,Known Company,Random Static Address,Update,Medium Security,2579266724654171
62:67:62:91:82:25,Known Company,Random Resolvable Private Address,Update,Medium Security,2579266725910525
42:CC:63:F1:FA:8C,Known Company,Random Resolvable Private Address,Update,Medium Security,2579267116153962
2F:98:8A:AF:D3:B1,Known Company,Random Non-resolvable Private Address,Update,High Security,2579268050684223
28:1D:CD:60:58:F5,Known Company,Random Non-resolvable Private Address,Update,High Security,2579268110007556
0F:B2:BB:B7:41:97,Known Company,Random Non-resolvable Private Address,Update,High Security,2579268150977400
04:17:FD:AD:1B:75,Known Company,Random Non-resolvable Private Address,Update,High Security,2579268100498910
68:C2:37:C0:71:41,Known Company,Random Resolvable Private Address,Update,Medium Security,2579268117631879
7B:2F:25:B1:97:AE,Known Company,Random Resolvable Private Address,Update,Medium Security,2579267786382087
40:51:30:A4:90:CB,Known Company,Random Resolvable Private Address,Update,Medium Security,2579266937780004
6E:D9:04:5B:13:13,Known Company,Random Resolvable Private Address,Update,Medium Security,2579269482615472
44:32:16:B4:38:BC,Known Company,Random Resolvable Private Address,Update,Medium Security,2579275466840418
5F:7B:D4:32:DA:43,Known Company,Random Resolvable Private Address,Update,Medium Security,2579275419846407
EA:98:26:6F:C0:A5,Known Company,Random Static Address,Update,Medium Security,2579274737492657
E5:1D:5F:6C:4C:5A,Known Company,Random Static Address,Update,Medium Security,2579274737801772
05:06:49:E1:CD:8D,Known Company,Random Non-resolvable Private Address,Update,High Security,2579275482760522
CE:DC:DE:86:14:44,Known Company,Random Static Address,Update,Medium Security,2579268704806358
62:67:62:91:82:25,Known Company,Random Resolvable Private Address,Update,Medium Security,2579268348294066
38:D8:D2:D5:E9:CF,Known Company,Random Non-resolvable Private Address,Update,High Security,2579274728649220
74:08:D0:11:E4:FD,Known Company,Random Resolvable Private Address,Update,Medium Security,2579273337002606
42:CC:63:F1:FA:8C,Known Company,Random Resolvable Private Address,Update,Medium Security,2579270113838336
2F:98:8A:AF:D3:B1,Known Company,Random Non-resolvable Private Address,Update,High Security,2579275428394741
28:1D:CD:60:58:F5,Known Company,Random Non-resolvable Private Address,Update,High Security,2579272610350158
0F:B2:BB:B7:41:97,Known Company,Random Non-resolvable Private Address,Update,High Security,2579275411196720
04:17:FD:AD:1B:75,Known Company,Random Non-resolvable Private Address,Update,High Security,2579274725445782
68:C2:37:C0:71:41,Known Company,Random Resolvable Private Address,Update,Medium Security,2579271800242190
F3:A5:C4:EC:DB:12,Known Company,Random Static Address,Update,Medium Security,2579274719219741
7B:2F:25:B1:97:AE,Known Company,Random Resolvable Private Address,Update,Medium Security,2579270521489065
40:51:30:A4:90:CB,Known Company,Random Resolvable Private Address,Update,Medium Security,2579270760039378
6B:6E:4B:56:E5:E6,Known Company,Random Resolvable Private Address,Update,Medium Security,2579269406266618
6E:D9:04:5B:13:13,Known Company,Random Resolvable Private Address,Update,Medium Security,2579279801606978
69:62:69:9D:2D:67,Known Company,Random Resolvable Private Address,Update,Medium Security,2580653280214527
54:7E:71:DC:A8:3E,Known Company,Random Resolvable Private Address,Update,Medium Security,2580653283574684
F8:04:2E:D6:5D:31,Known Company,Public Address,No Update,Low Security,2580653285970413
78:22:2C:52:F8:01,Known Company,Random Resolvable Private Address,Update,Medium Security,2580653289030934
59:9C:8D:E3:DD:5E,Known Company,Random Resolvable Private Address,Update,Medium Security,2580653292319163
41:FC:7C:3E:80:77,Known Company,Random Resolvable Private Address,Update,Medium Security,2580653294847965
54:7E:71:DC:A8:3E,Known Company,Random Resolvable Private Address,Update,Medium Security,2580653427658798
F8:04:2E:D6:5D:31,Known Company,Public Address,No Update,Low Security,2580653422511038
44:61:C1:D6:DB:92,Known Company,Random Resolvable Private Address,Update,Medium Security,2580653417223954
0C:11:E2:63:75:03,Known Company,Random Non-resolvable Private Address,Update,High Security,2580653413758069
7F:3A:C8:D8:72:7B,Known Company,Random Resolvable Private Address,Update,Medium Security,2580653306575152
7D:53:BE:FF:3B:AC,Known Company,Random Resolvable Private Address,Update,Medium Security,2580653309718850
4A:B0:B4:73:75:FD,Known Company,Random Resolvable Private Address,Update,Medium Security,2580653317941246
2F:7C:84:FB:FF:8C,Known Company,Random Non-resolvable Private Address,Update,High Security,2580654816991975
5D:5D:8C:CA:08:64,Known Company,Random Resolvable Private Address,No Update,Medium Security,2580653325251350
1B:CF:97:9E:B6:62,Known Company,Random Non-resolvable Private Address,Update,High Security,2580653341357027
69:62:69:9D:2D:67,Known Company,Random Resolvable Private Address,Update,Medium Security,2580654900390777
78:22:2C:52:F8:01,Known Company,Random Resolvable Private Address,Update,Medium Security,2580654911747704
59:9C:8D:E3:DD:5E,Known Company,Random Resolvable Private Address,Update,Medium Security,2580654928800725
0C:11:E2:63:75:03,Known Company,Random Non-resolvable Private Address,Update,High Security,2580654848242496
2F:7C:84:FB:FF:8C,Known Company,Random Non-resolvable Private Address,Update,High Security,2580654816991975
5D:5D:8C:CA:08:64,Known Company,Random Resolvable Private Address,No Update,Medium Security,2580656344629578
1B:CF:97:9E:B6:62,Known Company,Random Non-resolvable Private Address,Update,High Security,2580656267074422
63:1D:08:E6:76:18,Known Company,Random Resolvable Private Address,Update,Medium Security,2580653346514007
69:62:69:9D:2D:67,Known Company,Random Resolvable Private Address,Update,Medium Security,2580656271386558
54:7E:71:DC:A8:3E,Known Company,Random Resolvable Private Address,Update,Medium Security,2580656267548745
78:22:2C:52:F8:01,Known Company,Random Resolvable Private Address,Update,Medium Security,2580655492488537
44:61:C1:D6:DB:92,Known Company,Random Resolvable Private Address,Update,Medium Security,2580655524043224
0C:11:E2:63:75:03,Known Company,Random Non-resolvable Private Address,Update,High Security,2580655500071506
5D:5D:8C:CA:08:64,Known Company,Random Resolvable Private Address,No Update,Medium Security,2580656967070724
1B:CF:97:9E:B6:62,Known Company,Random Non-resolvable Private Address,Update,High Security,2580657000052859
54:7E:71:DC:A8:3E,Known Company,Random Resolvable Private Address,Update,Medium Security,2580657076619682
F8:04:2E:D6:5D:31,Known Company,Public Address,No Update,Low Security,2580656956537130
0C:11:E2:63:75:03,Known Company,Random Non-resolvable Private Address,Update,High Security,2580656968688432
7F:3A:C8:D8:72:7B,Known Company,Random Resolvable Private Address,Update,Medium Security,2580656950983536
54:7E:71:DC:A8:3E,Known Company,Random Resolvable Private Address,Update,Medium Security,2580719004827054
C0:D3:F5:E6:78:21,Known Company,Random Static Address,Update,Medium Security,2580719025955440
43:C0:F4:DD:99:66,Known Company,Random Resolvable Private Address,Update,Medium Security,2580719040394398
54:7E:71:DC:A8:3E,Known Company,Random Resolvable Private Address,Update,Medium Security,2580719172375127
44:61:C1:D6:DB:92,Known Company,Random Resolvable Private Address,Update,Medium Security,2580719046669190
7F:71:AA:F5:60:54,Known Company,Random Resolvable Private Address,Update,Medium Security,2580719063975231
46:61:47:98:16:43,Known Company,Random Resolvable Private Address,Update,Medium Security,2580719067920648
68:D6:DE:C0:23:45,Known Company,Random Resolvable Private Address,Update,Medium Security,2580719167718513
7C:64:C7:5D:F3:B3,Known Company,Random Resolvable Private Address,Update,Medium Security,2580719077069190
13:8F:36:70:A9:07,Known Company,Random Non-resolvable Private Address,Update,High Security,2580719078756586
59:9C:8D:E3:DD:5E,Known Company,Random Resolvable Private Address,Update,Medium Security,2580719082600648
0C:11:E2:63:75:03,Known Company,Random Non-resolvable Private Address,Update,High Security,2580719088689971
5D:B6:64:A3:3A:79,Known Company,Random Resolvable Private Address,Update,Medium Security,2580719093099346
53:5F:12:65:5A:74,Known Company,Random Resolvable Private Address,Update,Medium Security,2580719096151846
54:7E:71:DC:A8:3E,Known Company,Random Resolvable Private Address,Update,Medium Security,2580720524554710
44:61:C1:D6:DB:92,Known Company,Random Resolvable Private Address,Update,Medium Security,2580720573875023
68:D6:DE:C0:23:45,Known Company,Random Resolvable Private Address,Update,Medium Security,2580720534055804
0C:11:E2:63:75:03,Known Company,Random Non-resolvable Private Address,Update,High Security,2580721911212626
5D:B6:64:A3:3A:79,Known Company,Random Resolvable Private Address,Update,Medium Security,2580721260370231
53:5F:12:65:5A:74,Known Company,Random Resolvable Private Address,Update,Medium Security,2580719096151846
53:CB:46:B6:5B:7A,Known Company,Random Resolvable Private Address,Update,Medium Security,2580721265671793
54:7E:71:DC:A8:3E,Known Company,Random Resolvable Private Address,Update,Medium Security,2580722008278199
7F:71:AA:F5:60:54,Known Company,Random Resolvable Private Address,Update,Medium Security,2580721184440856
46:61:47:98:16:43,Known Company,Random Resolvable Private Address,Update,Medium Security,2580721192791845
68:D6:DE:C0:23:45,Known Company,Random Resolvable Private Address,Update,Medium Security,2580722023491428
53:5F:12:65:5A:74,Known Company,Random Resolvable Private Address,Update,Medium Security,2580719096151846
53:CB:46:B6:5B:7A,Known Company,Random Resolvable Private Address,Update,Medium Security,2580721265671793
54:7E:71:DC:A8:3E,Known Company,Random Resolvable Private Address,Update,Medium Security,2580722770278459
44:61:C1:D6:DB:92,Known Company,Random Resolvable Private Address,Update,Medium Security,2580722702991584
68:D6:DE:C0:23:45,Known Company,Random Resolvable Private Address,Update,Medium Security,2580722793270282
13:8F:36:70:A9:07,Known Company,Random Non-resolvable Private Address,Update,High Security,2580722722539501
74:76:29:BD:C8:B5,Known Company,Random Resolvable Private Address,Update,Medium Security,2581673074921378
43:44:07:51:5C:56,Known Company,Random Resolvable Private Address,Update,Medium Security,2581673102559711
01:6A:4E:39:74:14,Known Company,Random Non-resolvable Private Address,Update,High Security,2581673114481638
47:56:4B:5A:D4:C2,Known Company,Random Resolvable Private Address,Update,Medium Security,2581673172973878
EB:E9:2F:33:C9:D4,Known Company,Random Static Address,Update,Medium Security,2581673124736690
6E:E1:C3:FD:A8:FD,Known Company,Random Resolvable Private Address,Update,Medium Security,2581673164139399
5D:5D:8C:CA:08:64,Known Company,Random Resolvable Private Address,No Update,Medium Security,2581684610567571
FC:71:1E:37:8D:49,Known Company,Random Static Address,Update,Medium Security,2581684636566686
98:06:3C:3E:F2:6B,Known Company,Public Address,No Update,Low Security,2581684638537624
1A:55:1E:21:DB:38,Known Company,Random Non-resolvable Private Address,Update,High Security,2581684639830592
61:FC:90:38:4B:B7,Known Company,Random Resolvable Private Address,Update,Medium Security,2581684643891686
6E:E1:C3:FD:A8:FD,Known Company,Random Resolvable Private Address,Update,Medium Security,2581684647008144
FF:DD:E2:FD:3A:46,Known Company,Random Static Address,Update,Medium Security,2581684648917051
6E:E1:C3:FD:A8:FD,Known Company,Random Resolvable Private Address,Update,Medium Security,2581684784105019
44:12:0F:02:21:10,Known Company,Random Resolvable Private Address,Update,Medium Security,2581684652395176
7B:4D:54:C1:A1:A0,Known Company,Random Resolvable Private Address,Update,Medium Security,2581684664878717
1D:3B:7B:79:59:86,Known Company,Random Non-resolvable Private Address,Update,High Security,2581684667596217
58:5C:EA:DD:A3:88,Known Company,Random Resolvable Private Address,Update,Medium Security,2581686198487988
48:F5:D2:92:97:27,Known Company,Random Resolvable Private Address,Update,Medium Security,2581684696921374
1D:3B:7B:79:59:86,Known Company,Random Non-resolvable Private Address,Update,High Security,2581693388465641
F8:04:2E:D6:5D:31,Known Company,Public Address,No Update,Low Security,2581693391430172
C4:C2:90:21:0E:18,Known Company,Random Static Address,Update,Medium Security,2581693393123037
49:61:30:EA:2B:BC,Known Company,Random Resolvable Private Address,Update,Medium Security,2581693395111891
2D:86:4B:77:70:5B,Known Company,Random Non-resolvable Private Address,Update,High Security,2581693396192412
6E:E1:C3:FD:A8:FD,Known Company,Random Resolvable Private Address,Update,Medium Security,2581693399872724
57:94:C7:54:75:E7,Known Company,Random Resolvable Private Address,Update,Medium Security,2581693401686839
1B:CA:02:1A:3F:D1,Known Company,Random Non-resolvable Private Address,Update,High Security,2581693403487620
4A:19:CD:8B:48:F8,Known Company,Random Resolvable Private Address,Update,Medium Security,2581693404546214
7F:DE:87:59:59:D3,Known Company,Random Resolvable Private Address,Update,Medium Security,2581698499241472
36:50:E2:8A:2E:6D,Known Company,Random Non-resolvable Private Address,Update,High Security,2581698502002566
6E:34:47:85:AB:27,Known Company,Random Resolvable Private Address,Update,Medium Security,2581698505952827
49:61:30:EA:2B:BC,Known Company,Random Resolvable Private Address,Update,Medium Security,2581698510531629
67:A3:2E:9B:D2:0F,Known Company,Random Resolvable Private Address,Update,Medium Security,2581698513082670
47:44:E1:22:22:36,Known Company,Random Resolvable Private Address,Update,Medium Security,2581698519242514
53:5F:12:65:5A:74,Known Company,Random Resolvable Private Address,No Update,Medium Security,2581698521222827
2F:3C:7C:D0:A8:3E,Known Company,Random Non-resolvable Private Address,Update,High Security,2581698523173868
10:16:7C:F2:FD:DC,Known Company,Random Non-resolvable Private Address,Update,High Security,2581698524699493
44:12:0F:02:21:10,Known Company,Random Resolvable Private Address,Update,Medium Security,2581698527276108
47:56:4B:5A:D4:C2,Known Company,Random Resolvable Private Address,Update,Medium Security,2581698528868920
31:6A:24:66:78:45,Known Company,Random Non-resolvable Private Address,Update,High Security,2581698531054129
36:50:E2:8A:2E:6D,Known Company,Random Non-resolvable Private Address,Update,High Security,2581699318806264
49:61:30:EA:2B:BC,Known Company,Random Resolvable Private Address,Update,Medium Security,2581699267015587
36:50:E2:8A:2E:6D,Known Company,Random Non-resolvable Private Address,Update,High Security,2581700889251315
31:6A:24:66:78:45,Known Company,Random Non-resolvable Private Address,Update,High Security,2581701496195378
16:03:B7:95:EA:FE,Known Company,Random Non-resolvable Private Address,Update,High Security,2581702254487721
6E:E1:C3:FD:A8:FD,Known Company,Random Resolvable Private Address,Update,Medium Security,2581702348558711
36:50:E2:8A:2E:6D,Known Company,Random Non-resolvable Private Address,Update,High Security,2581702355666888
49:61:30:EA:2B:BC,Known Company,Random Resolvable Private Address,Update,Medium Security,2581702242883711
2F:3C:7C:D0:A8:3E,Known Company,Random Non-resolvable Private Address,Update,High Security,2581702260909909
44:12:0F:02:21:10,Known Company,Random Resolvable Private Address,Update,Medium Security,2581702311186211
42:E0:93:4B:8F:DC,Known Company,Random Resolvable Private Address,Update,Medium Security,2581708105494594
6D:7C:22:9A:FE:22,Known Company,Random Resolvable Private Address,Update,Medium Security,2581708135169125
6E:E1:C3:FD:A8:FD,Known Company,Random Resolvable Private Address,Update,Medium Security,2581708216296521
26:DD:C1:08:EF:40,Known Company,Random Non-resolvable Private Address,Update,High Security,2581708153633813
75:3B:6B:01:15:C4,Known Company,Random Resolvable Private Address,Update,Medium Security,2581708156957302
58:5C:EA:DD:A3:88,Known Company,Random Resolvable Private Address,Update,Medium Security,2581708165816156
47:44:E1:22:22:36,Known Company,Random Resolvable Private Address,Update,Medium Security,2581708167507042
F8:04:2E:D6:5D:31,Known Company,Public Address,No Update,Low Security,2581708236924854
65:55:01:C5:DE:99,Known Company,Random Resolvable Private Address,Update,Medium Security,2581708169953500
49:61:30:EA:2B:BC,Known Company,Random Resolvable Private Address,Update,Medium Security,2581708172090063
3A:3A:4E:14:E4:3B,Known Company,Random Non-resolvable Private Address,Update,High Security,2581710349624333
48:5A:F0:4C:C7:86,Known Company,Random Resolvable Private Address,Update,Medium Security,2581708175773969
0F:DA:40:66:4A:BE,Known Company,Random Non-resolvable Private Address,Update,High Security,2581710355766260
FE:22:1F:8D:14:49,Known Company,Random Static Address,Update,Medium Security,2581708178824750
67:A3:2E:9B:D2:0F,Known Company,Random Resolvable Private Address,Update,Medium Security,2581708961764854
5D:99:60:76:12:48,Known Company,Random Resolvable Private Address,Update,Medium Security,2581710353498083
53:5F:12:65:5A:74,Known Company,Random Resolvable Private Address,No Update,Medium Security,2581710352180895
98:06:3C:3E:F2:6B,Known Company,Public Address,No Update,Low Security,2581722686111672
75:3B:6B:01:15:C4,Known Company,Random Resolvable Private Address,Update,Medium Security,2581722685118651
67:A3:2E:9B:D2:0F,Known Company,Random Resolvable Private Address,Update,Medium Security,2581722690414119
68:58:18:7A:53:50,Known Company,Random Resolvable Private Address,Update,Medium Security,2581722695924692
6E:E1:C3:FD:A8:FD,Known Company,Random Resolvable Private Address,Update,Medium Security,2581722697296619
5D:19:B3:AA:C5:7B,Known Company,Random Resolvable Private Address,Update,Medium Security,2581722700587297
75:3B:6B:01:15:C4,Known Company,Random Resolvable Private Address,Update,Medium Security,2581723486102348
6E:E1:C3:FD:A8:FD,Known Company,Random Resolvable Private Address,Update,Medium Security,2581723490730057
74:5D:27:68:B5:FC,Known Company,Random Resolvable Private Address,Update,Medium Security,2581722708098494
F9:AC:BD:AF:33:E2,Known Company,Random Static Address,Update,Medium Security,2581722712755109
2D:86:4B:77:70:5B,Known Company,Random Non-resolvable Private Address,Update,High Security,2581723466276463
4D:9A:08:61:6B:99,Known Company,Random Resolvable Private Address,Update,Medium Security,2581722715945369
1D:3B:7B:79:59:86,Known Company,Random Non-resolvable Private Address,Update,High Security,2581724179844431
5D:99:60:76:12:48,Known Company,Random Resolvable Private Address,Update,Medium Security,2581722720458026
75:3B:6B:01:15:C4,Known Company,Random Resolvable Private Address,Update,Medium Security,2581724900135733
6E:E1:C3:FD:A8:FD,Known Company,Random Resolvable Private Address,Update,Medium Security,2581724897785317
1D:3B:7B:79:59:86,Known Company,Random Non-resolvable Private Address,Update,High Security,2581726403368181
5D:99:60:76:12:48,Known Company,Random Resolvable Private Address,Update,Medium Security,2581726323705160
6E:E1:C3:FD:A8:FD,Known Company,Random Resolvable Private Address,Update,Medium Security,2581726409389743
5D:19:B3:AA:C5:7B,Known Company,Random Resolvable Private Address,Update,Medium Security,2581726317754014
0D:44:26:A2:0E:EC,Known Company,Random Non-resolvable Private Address,Update,High Security,2582928842910586
62:23:91:9F:37:BE,Known Company,Random Resolvable Private Address,Update,Medium Security,2582928866593086
FE:31:2A:19:EE:38,Known Company,Random Static Address,Update,Medium Security,2582928878571472
6E:2A:C4:41:74:82,Known Company,Random Resolvable Private Address,Update,Medium Security,2582928888330795
F8:04:2E:D6:5C:9D,Known Company,Public Address,No Update,Low Security,2582928987779753
51:F4:F0:49:A9:83,Known Company,Random Resolvable Private Address,Update,Medium Security,2582928893387670
01:0B:3B:73:2C:38,Known Company,Random Non-resolvable Private Address,Update,High Security,2582928895498607
10:53:46:4A:7F:60,Known Company,Random Non-resolvable Private Address,Update,High Security,2582928898095691
6D:56:09:EA:48:69,Known Company,Random Resolvable Private Address,Update,Medium Security,2582928902691316
E5:6C:97:CE:8B:EB,Known Company,Random Static Address,Update,Medium Security,2582928904466316
98:06:3C:3E:F2:6B,Known Company,Public Address,No Update,Low Security,2582930199268398
41:1F:F1:3D:E1:B6,Known Company,Random Resolvable Private Address,Update,Medium Security,2582929917531836
18:6B:CA:53:97:FF,Known Company,Random Non-resolvable Private Address,Update,High Security,2582930351819440
F8:04:2E:D6:5D:31,Known Company,Public Address,No Update,Low Security,2582930234937565
13:B3:70:AC:DA:76,Known Company,Random Non-resolvable Private Address,Update,High Security,2582929079234441
55:53:54:53:B4:EA,Known Company,Random Resolvable Private Address,Update,Medium Security,2582930365816159
78:6D:39:C4:61:0A,Known Company,Random Resolvable Private Address,Update,Medium Security,2582930255313607
54:F8:0B:E8:59:2E,Known Company,Random Resolvable Private Address,Update,Medium Security,2582930246942773
0D:44:26:A2:0E:EC,Known Company,Random Non-resolvable Private Address,Update,High Security,2582930290496575
62:23:91:9F:37:BE,Known Company,Random Resolvable Private Address,Update,Medium Security,2582929935842669
6E:2A:C4:41:74:82,Known Company,Random Resolvable Private Address,Update,Medium Security,2582930224008398
F8:04:2E:D6:5C:9D,Known Company,Public Address,No Update,Low Security,2582930357070794
51:F4:F0:49:A9:83,Known Company,Random Resolvable Private Address,Update,Medium Security,2582929940437617
01:0B:3B:73:2C:38,Known Company,Random Non-resolvable Private Address,Update,High Security,2582930354568346
10:53:46:4A:7F:60,Known Company,Random Non-resolvable Private Address,Update,High Security,2582930307225534
6D:56:09:EA:48:69,Known Company,Random Resolvable Private Address,Update,Medium Security,2582929790058711
98:06:3C:3E:F2:6B,Known Company,Public Address,No Update,Low Security,2582945583151622
41:1F:F1:3D:E1:B6,Known Company,Random Resolvable Private Address,Update,Medium Security,2582944220730997
18:6B:CA:53:97:FF,Known Company,Random Non-resolvable Private Address,Update,High Security,2582946396969486
F8:04:2E:D6:5D:31,Known Company,Public Address,No Update,Low Security,2582946370112611
13:B3:70:AC:DA:76,Known Company,Random Non-resolvable Private Address,Update,High Security,2582944964423809
55:53:54:53:B4:EA,Known Company,Random Resolvable Private Address,Update,Medium Security,2582946429238965
78:6D:39:C4:61:0A,Known Company,Random Resolvable Private Address,Update,Medium Security,2582945684747351
54:F8:0B:E8:59:2E,Known Company,Random Resolvable Private Address,Update,Medium Security,2582945657111518
65:07:25:49:7F:25,Known Company,Random Resolvable Private Address,Update,Medium Security,2582945695438809
01:1A:69:2E:C9:C9,Known Company,Random Non-resolvable Private Address,Update,High Security,2582945700990684
0D:44:26:A2:0E:EC,Known Company,Random Non-resolvable Private Address,Update,High Security,2582946334029069
62:23:91:9F:37:BE,Known Company,Random Resolvable Private Address,Update,Medium Security,2582946455808444
FE:31:2A:19:EE:38,Known Company,Random Static Address,Update,Medium Security,2582944920221153
6E:2A:C4:41:74:82,Known Company,Random Resolvable Private Address,Update,Medium Security,2582940483983915
F8:04:2E:D6:5C:9D,Known Company,Public Address,No Update,Low Security,2582946355367038
51:F4:F0:49:A9:83,Known Company,Random Resolvable Private Address,Update,Medium Security,2582944924385216
01:0B:3B:73:2C:38,Known Company,Random Non-resolvable Private Address,Update,High Security,2582942011638811
10:53:46:4A:7F:60,Known Company,Random Non-resolvable Private Address,Update,High Security,2582934095853449
6D:56:09:EA:48:69,Known Company,Random Resolvable Private Address,Update,Medium Security,2582946437416673
E5:6C:97:CE:8B:EB,Known Company,Random Static Address,Update,Medium Security,2582936899249490
98:06:3C:3E:F2:6B,Known Company,Public Address,No Update,Low Security,2582958828554742
41:1F:F1:3D:E1:B6,Known Company,Random Resolvable Private Address,Update,Medium Security,2582955205078962
18:6B:CA:53:97:FF,Known Company,Random Non-resolvable Private Address,Update,High Security,2582960304560262
F8:04:2E:D6:5D:31,Known Company,Public Address,No Update,Low Security,2582960309270210
13:B3:70:AC:DA:76,Known Company,Random Non-resolvable Private Address,Update,High Security,2582955199576149
55:53:54:53:B4:EA,Known Company,Random Resolvable Private Address,Update,Medium Security,2582960197658074
78:6D:39:C4:61:0A,Known Company,Random Resolvable Private Address,Update,Medium Security,2582960268238022
54:F8:0B:E8:59:2E,Known Company,Random Resolvable Private Address,Update,Medium Security,2582956659301513
0D:44:26:A2:0E:EC,Known Company,Random Non-resolvable Private Address,Update,High Security,2582958808622710
62:23:91:9F:37:BE,Known Company,Random Resolvable Private Address,Update,Medium Security,2582960218776512
6E:2A:C4:41:74:82,Known Company,Random Resolvable Private Address,Update,Medium Security,2582959485799689
F8:04:2E:D6:5C:9D,Known Company,Public Address,No Update,Low Security,2582960285921668
51:F4:F0:49:A9:83,Known Company,Random Resolvable Private Address,Update,Medium Security,2582960264499116
01:0B:3B:73:2C:38,Known Company,Random Non-resolvable Private Address,Update,High Security,2582957345970471
6D:56:09:EA:48:69,Known Company,Random Resolvable Private Address,Update,Medium Security,2582958806358960
E5:6C:97:CE:8B:EB,Known Company,Random Static Address,Update,Medium Security,2582958875891408
7F:7D:2A:59:86:85,Known Company,Random Resolvable Private Address,Update,Medium Security,2583318652997313
7F:91:CC:72:CF:D3,Known Company,Random Resolvable Private Address,Update,Medium Security,2583318665565542
55:1B:68:65:D1:6C,Known Company,Random Resolvable Private Address,Update,Medium Security,2583318672868198
19:FD:AF:D3:68:54,Known Company,Random Non-resolvable Private Address,Update,High Security,2583318674789500
18:4A:0B:A3:FC:DB,Known Company,Random Non-resolvable Private Address,Update,High Security,2583318677891896
36:D8:D2:E6:FE:F6,Known Company,Random Non-resolvable Private Address,Update,High Security,2583318683777417
2E:2E:28:C6:BC:05,Known Company,Random Non-resolvable Private Address,Update,High Security,2583318690757677
36:D8:D2:E6:FE:F6,Known Company,Random Non-resolvable Private Address,Update,High Security,2583319292218094
25:EF:4B:ED:EC:AF,Known Company,Random Non-resolvable Private Address,Update,High Security,2584556564487518
4A:BA:A6:47:31:A8,Known Company,Random Resolvable Private Address,Update,Medium Security,2584556566534913
25:EF:4B:ED:EC:AF,Known Company,Random Non-resolvable Private Address,Update,High Security,2584557088285903
50:65:5B:29:E2:69,Known Company,Random Resolvable Private Address,Update,Medium Security,2584556568001163
3C:B1:8E:01:E3:56,Known Company,Random Non-resolvable Private Address,Update,High Security,2584557101574497
1E:D1:C8:5B:59:48,Known Company,Random Non-resolvable Private Address,Update,High Security,2584557092520069
0E:81:39:96:58:85,Known Company,Random Non-resolvable Private Address,Update,High Security,2584556594631163
29:DB:D5:A3:12:50,Known Company,Random Non-resolvable Private Address,Update,High Security,2584556801445122
06:0F:7A:1C:29:85,Known Company,Random Non-resolvable Private Address,Update,High Security,2584557077601632
7D:D2:F4:F6:63:FB,Known Company,Random Resolvable Private Address,Update,Medium Security,2584556988379549
F8:04:2E:D6:5D:31,Known Company,Public Address,No Update,Low Security,2584556618118507
34:F4:11:00:C1:C2,Known Company,Random Non-resolvable Private Address,Update,High Security,2584558290847934
4C:E6:CC:21:78:49,Known Company,Random Resolvable Private Address,Update,Medium Security,2584581614983029
11:48:CB:CA:83:10,Known Company,Random Non-resolvable Private Address,Update,High Security,2584581618330998
1A:23:45:93:6F:EA,Known Company,Random Non-resolvable Private Address,Update,High Security,2584581623781466
70:3E:CA:BB:45:EE,Known Company,Random Resolvable Private Address,Update,Medium Security,2584581652090477
E6:3F:0A:C1:BE:EC,Known Company,Random Static Address,Update,Medium Security,2584581675139643
77:81:CF:7D:EE:45,Known Company,Random Resolvable Private Address,Update,Medium Security,2584581757797039
5F:FE:93:D8:67:C6,Known Company,Random Resolvable Private Address,Update,Medium Security,2584581701536362
25:EF:4B:ED:EC:AF,Known Company,Random Non-resolvable Private Address,Update,High Security,2584581767852612
3C:B1:8E:01:E3:56,Known Company,Random Non-resolvable Private Address,Update,High Security,2584581707519539
40:91:44:6D:DF:12,Known Company,Random Resolvable Private Address,Update,Medium Security,2584581711002560
29:DB:D5:A3:12:50,Known Company,Random Non-resolvable Private Address,Update,High Security,2584581712733758
0E:81:39:96:58:85,Known Company,Random Non-resolvable Private Address,Update,High Security,2584582545652351
36:48:33:E6:82:43,Known Company,Random Non-resolvable Private Address,Update,High Security,2584582548600476
09:F3:17:3D:2E:F2,Known Company,Random Non-resolvable Private Address,Update,High Security,2584581724037820
70:3E:CA:BB:45:EE,Known Company,Random Resolvable Private Address,Update,Medium Security,2584582460864435
77:81:CF:7D:EE:45,Known Company,Random Resolvable Private Address,Update,Medium Security,2584582513046258
25:EF:4B:ED:EC:AF,Known Company,Random Non-resolvable Private Address,Update,High Security,2584582511098601
3C:B1:8E:01:E3:56,Known Company,Random Non-resolvable Private Address,Update,High Security,2584582534544279
29:DB:D5:A3:12:50,Known Company,Random Non-resolvable Private Address,Update,High Security,2584583178474018
0E:81:39:96:58:85,Known Company,Random Non-resolvable Private Address,Update,High Security,2584582545652351
11:48:CB:CA:83:10,Known Company,Random Non-resolvable Private Address,Update,High Security,2584583180841726
1A:23:45:93:6F:EA,Known Company,Random Non-resolvable Private Address,Update,High Security,2584583111913445
77:81:CF:7D:EE:45,Known Company,Random Resolvable Private Address,Update,Medium Security,2584583213541987
3C:B1:8E:01:E3:56,Known Company,Random Non-resolvable Private Address,Update,High Security,2584583160029903
29:DB:D5:A3:12:50,Known Company,Random Non-resolvable Private Address,Update,High Security,2584586065680111
0E:81:39:96:58:85,Known Company,Random Non-resolvable Private Address,Update,High Security,2584586061184902
36:48:33:E6:82:43,Known Company,Random Non-resolvable Private Address,Update,High Security,2584586063858861
34:F4:11:00:C1:C2,Known Company,Random Non-resolvable Private Address,Update,High Security,2584585308562194
73:60:74:FB:F0:91,Known Company,Random Resolvable Private Address,Update,Medium Security,2584584554043236
11:48:CB:CA:83:10,Known Company,Random Non-resolvable Private Address,Update,High Security,2584586097043860
1A:23:45:93:6F:EA,Known Company,Random Non-resolvable Private Address,Update,High Security,2584586143358652
77:81:CF:7D:EE:45,Known Company,Random Resolvable Private Address,Update,Medium Security,2584586136491673
5F:FE:93:D8:67:C6,Known Company,Random Resolvable Private Address,Update,Medium Security,2584585375582507
25:EF:4B:ED:EC:AF,Known Company,Random Non-resolvable Private Address,Update,High Security,2584586183030944
3C:B1:8E:01:E3:56,Known Company,Random Non-resolvable Private Address,Update,High Security,2584586095922194
