23:21:C6:94:A3:71,Known Company,Random Non-resolvable Private Address,Update,High Security,2571991373971582
F8:04:2E:D6:5C:9D,Known Company,Public Address,No Update,Low Security,2582960285921668
07:24:AD:7B:29:D3,Known Company,Random Non-resolvable Private Address,Update,High Security,2572104435769143
CD:FC:41:53:78:12,Known Company,Random Static Address,Update,Medium Security,2571987599622729
56:46:E7:78:20:D3,Known Company,Random Resolvable Private Address,Update,Medium Security,2571989794277520
4F:D7:39:19:F8:D3,Known Company,Random Resolvable Private Address,Update,Medium Security,2571987603372677
27:1E:15:DE:3B:4C,Known Company,Random Non-resolvable Private Address,Update,High Security,2571990509649915
43:D4:12:4B:DC:07,Known Company,Random Resolvable Private Address,Update,Medium Security,2571989800614030
23:F6:5C:0A:C0:1E,Known Company,Random Non-resolvable Private Address,Update,High Security,2571987608292677
64:37:AE:6D:D1:FB,Known Company,Random Resolvable Private Address,Update,Medium Security,2572050429541195
6B:81:5B:61:0D:32,Known Company,Random Resolvable Private Address,Update,Medium Security,2571987615674187
E4:22:A6:8F:15:8C,Known Company,Random Static Address,Update,Medium Security,2571987629223250
27:C4:51:5D:A6:7F,Known Company,Random Non-resolvable Private Address,Update,High Security,2572105161832892
63:52:F2:34:9A:F5,Known Company,Random Resolvable Private Address,Update,Medium Security,2572059164376608
75:4C:5C:ED:22:97,Known Company,Random Resolvable Private Address,Update,Medium Security,2572106655708100
78:31:E9:EF:76:B0,Known Company,Random Resolvable Private Address,Update,Medium Security,2571991255661009
98:06:3C:3E:F2:6B,Known Company,Public Address,No Update,Low Security,2582958828554742
DA:87:DD:B7:9B:59,Known Company,Random Static Address,Update,Medium Security,2571987647835802
26:78:2A:F6:0E:65,Known Company,Random Non-resolvable Private Address,Update,High Security,2572027057285995
41:75:92:44:36:28,Known Company,Random Resolvable Private Address,Update,Medium Security,2572049684428487
48:FD:31:31:B4:32,Known Company,Random Resolvable Private Address,Update,Medium Security,2572050496799267
52:B0:A9:89:9D:FD,Known Company,Random Resolvable Private Address,Update,Medium Security,2572049696339789
08:A9:BE:7C:F9:18,Known Company,Random Non-resolvable Private Address,Update,High Security,2572106547064611
4C:90:E4:81:0E:5D,Known Company,Random Resolvable Private Address,Update,Medium Security,2572050513242288
C6:3E:19:47:98:0E,Known Company,Random Static Address,Update,Medium Security,2572056916358536
15:35:B2:D9:C1:2F,Known Company,Random Non-resolvable Private Address,Update,High Security,2572059886075774
5C:63:3F:EA:3A:30,Known Company,Random Resolvable Private Address,Update,Medium Security,2572103676825862
7A:59:1C:AE:21:B6,Known Company,Random Resolvable Private Address,Update,Medium Security,2572059969995462
50:73:06:BE:12:58,Known Company,Random Resolvable Private Address,Update,Medium Security,2572056930458848
4F:5B:60:A1:88:79,Known Company,Random Resolvable Private Address,Update,Medium Security,2572057738887181
20:F5:0B:E9:A1:77,Known Company,Random Non-resolvable Private Address,Update,High Security,2572057772022650
D0:7C:F2:95:57:34,Known Company,Random Static Address,Update,Medium Security,2572056936230567
0E:FB:75:E8:7A:44,Known Company,Random Non-resolvable Private Address,Update,High Security,2572106604587319
51:FA:72:34:91:3E,Known Company,Random Resolvable Private Address,Update,Medium Security,2572059980915410
68:DC:88:D0:FE:95,Known Company,Random Resolvable Private Address,Update,Medium Security,2572059975570618
D2:07:AF:B5:7A:C0,Known Company,Random Static Address,Update,Medium Security,2572056946849734
32:6D:F0:AC:11:12,Known Company,Random Non-resolvable Private Address,Update,High Security,2572056949154109
43:8F:68:C6:1F:BE,Known Company,Random Resolvable Private Address,Update,Medium Security,2572056950721869
E9:DC:AA:D7:1F:CE,Known Company,Random Static Address,Update,Medium Security,2572056967279994
09:A1:5C:64:47:9B,Known Company,Random Non-resolvable Private Address,Update,High Security,2572094180991438
01:D3:03:A7:80:51,Known Company,Random Non-resolvable Private Address,Update,High Security,2572060643748170
47:4B:C0:FD:6D:41,Known Company,Random Resolvable Private Address,No Update,Medium Security,2573218856536218
C6:8B:11:64:CC:89,Known Company,Random Static Address,Update,Medium Security,2572072273602697
50:DA:02:D0:D4:71,Known Company,Random Resolvable Private Address,Update,Medium Security,2572094204997272
F1:67:0B:C9:15:3B,Known Company,Random Static Address,Update,Medium Security,2572102928242737
1B:12:D8:06:75:F7,Known Company,Random Non-resolvable Private Address,Update,High Security,2572106596137006
65:D1:D5:F0:7E:73,Known Company,Random Resolvable Private Address,Update,Medium Security,2572102935370237
D7:01:32:76:52:2E,Known Company,Random Static Address,Update,Medium Security,2572102943678935
45:45:E1:47:E8:05,Known Company,Random Resolvable Private Address,Update,Medium Security,2572105146692632
59:92:35:12:30:DD,Known Company,Random Resolvable Private Address,Update,Medium Security,2572102957768935
21:54:C7:12:73:62,Known Company,Random Non-resolvable Private Address,Update,High Security,2572104431557111
6E:3A:6B:E5:00:56,Known Company,Random Resolvable Private Address,Update,Medium Security,2572104399036070
5D:5D:8C:CA:08:64,Known Company,Random Resolvable Private Address,No Update,Medium Security,2581684610567571
51:7D:47:24:42:49,Known Company,Random Resolvable Private Address,Update,Medium Security,2573178011380869
2F:3E:B4:AC:6C:64,Known Company,Random Non-resolvable Private Address,Update,High Security,2573182456559200
78:0E:75:5F:4B:8B,Known Company,Random Resolvable Private Address,Update,Medium Security,2573172841613579
58:02:C9:8E:88:EC,Known Company,Random Resolvable Private Address,Update,Medium Security,2573180927077899
19:58:74:5A:AD:97,Known Company,Random Non-resolvable Private Address,Update,High Security,2573220278532207
61:D5:70:CC:AF:08,Known Company,Random Resolvable Private Address,Update,Medium Security,2573178037148421
2D:71:0A:8F:21:8F,Known Company,Random Non-resolvable Private Address,Update,High Security,2573266268675366
43:B8:A4:A7:3B:6F,Known Company,Random Resolvable Private Address,Update,Medium Security,2573180871668263
1D:41:14:E8:BB:70,Known Company,Random Non-resolvable Private Address,Update,High Security,2573266269823804
15:A4:C2:88:29:50,Known Company,Random Non-resolvable Private Address,Update,High Security,2573176571492380
09:F9:27:75:D7:37,Known Company,Random Non-resolvable Private Address,Update,High Security,2573266379437033
47:5B:5B:E1:65:B1,Known Company,Random Resolvable Private Address,Update,Medium Security,2573177973268369
67:3A:2C:51:EE:7F,Known Company,Random Resolvable Private Address,Update,Medium Security,2573174386332224
51:80:49:74:93:F7,Known Company,Random Resolvable Private Address,Update,Medium Security,2573180863597117
7B:9C:97:51:C0:63,Known Company,Random Resolvable Private Address,Update,Medium Security,2573181675525086
67:D6:AF:C0:92:92,Known Company,Random Resolvable Private Address,Update,Medium Security,2573170688588840
46:A0:A5:B2:63:BE,Known Company,Random Resolvable Private Address,Update,Medium Security,2573180906404357
56:39:67:65:A6:C0,Known Company,Random Resolvable Private Address,Update,Medium Security,2573182454741752
78:DF:E9:67:B0:E8,Known Company,Random Resolvable Private Address,Update,Medium Security,2573218832679291
79:69:EB:3F:CC:2D,Known Company,Random Resolvable Private Address,Update,Medium Security,2573216593579708
71:86:AB:D8:A2:12,Known Company,Random Resolvable Private Address,Update,Medium Security,2573216621366843
65:B7:84:99:5F:FC,Known Company,Random Resolvable Private Address,Update,Medium Security,2573216640773354
4C:D4:63:78:FC:39,Known Company,Random Resolvable Private Address,Update,Medium Security,2573216644961791
1C:BC:13:C9:76:FE,Known Company,Random Non-resolvable Private Address,Update,High Security,2573220363417623
2E:03:6F:B9:85:DD,Known Company,Random Non-resolvable Private Address,Update,High Security,2573265632028908
F2:78:67:89:3F:CF,Known Company,Random Static Address,Update,Medium Security,2573216657971583
F4:F1:5C:57:82:82,Known Company,Random Static Address,Update,Medium Security,2573216739284864
7C:88:02:B3:42:CD,Known Company,Random Resolvable Private Address,Update,Medium Security,2573216677161323
F8:04:2E:D6:5D:31,Known Company,Public Address,No Update,Low Security,2584556618118507
12:FC:99:01:32:68,Known Company,Random Non-resolvable Private Address,Update,High Security,2573253144830423
7E:8E:AA:10:49:24,Known Company,Random Resolvable Private Address,Update,Medium Security,2573265536688387
7B:D0:5E:9D:A6:70,Known Company,Random Resolvable Private Address,Update,Medium Security,2573262655045472
73:2A:CF:7C:33:D2,Known Company,Random Resolvable Private Address,Update,Medium Security,2573264912033388
F3:30:55:57:D4:84,Known Company,Random Static Address,Update,Medium Security,2573262665683180
6F:A9:BA:30:7D:59,Known Company,Random Resolvable Private Address,Update,Medium Security,2573262668148753
68:19:39:4C:40:A8,Known Company,Random Resolvable Private Address,Update,Medium Security,2573262688704326
D3:A3:CC:3E:23:52,Known Company,Random Static Address,Update,Medium Security,2573262743390003
35:F6:C9:79:78:C6,Known Company,Random Non-resolvable Private Address,Update,High Security,2573265525792919
00:00:90:72:31:99,Known Company,Public Address,No Update,Low Security,2575404649682780
13:95:DA:BB:43:50,Known Company,Random Non-resolvable Private Address,Update,High Security,2575404655864238
63:62:3A:F1:BD:43,Known Company,Random Resolvable Private Address,Update,Medium Security,2575404665465280
7A:C7:30:DF:B0:4D,Known Company,Random Resolvable Private Address,Update,Medium Security,2575404676841894
4F:01:C1:62:F9:20,Known Company,Random Resolvable Private Address,Update,Medium Security,2575418129873868
6E:0C:9B:29:D6:2E,Known Company,Random Resolvable Private Address,Update,Medium Security,2575404681848925
13:CE:26:9A:69:53,Known Company,Random Non-resolvable Private Address,Update,High Security,2575404684475592
29:EA:B8:E0:4B:A0,Known Company,Random Non-resolvable Private Address,Update,High Security,2575404685494394
4A:72:4F:91:2C:B5,Known Company,Random Resolvable Private Address,Update,Medium Security,2575404687786894
0E:EF:35:A7:68:86,Known Company,Random Non-resolvable Private Address,Update,High Security,2575404689722728
F4:41:40:1D:CC:5C,Known Company,Random Static Address,Update,Medium Security,2575404700002415
41:DF:F6:94:E1:78,Known Company,Random Resolvable Private Address,Update,Medium Security,2575406066181946
76:A6:AD:B2:6B:E9,Known Company,Random Resolvable Private Address,Update,Medium Security,2575405805471217
5B:D3:67:8C:63:33,Known Company,Random Resolvable Private Address,Update,Medium Security,2575405627987102
7C:C5:48:80:11:AD,Known Company,Random Resolvable Private Address,Update,Medium Security,2575405810966685
03:FF:94:2E:69:9A,Known Company,Random Non-resolvable Private Address,Update,High Security,2575418141143764
44:1E:8E:13:54:79,Known Company,Random Resolvable Private Address,Update,Medium Security,2575418144612670
39:FA:9C:2A:0E:E8,Known Company,Random Non-resolvable Private Address,Update,High Security,2575418148147566
C3:DD:49:D6:50:F3,Known Company,Random Static Address,Update,Medium Security,2575418149782931
69:E2:ED:11:2C:52,Known Company,Random Resolvable Private Address,Update,Medium Security,2575418151333556
37:85:1E:F4:D8:EF,Known Company,Random Non-resolvable Private Address,Update,High Security,2577341156603187
73:A8:44:54:67:E0,Known Company,Random Resolvable Private Address,Update,Medium Security,2577341255306364
09:7E:BC:04:7D:D5,Known Company,Random Non-resolvable Private Address,Update,High Security,2577341294805322
77:14:7F:EA:38:E0,Known Company,Random Resolvable Private Address,Update,Medium Security,2577341286634749
14:DB:48:98:61:58,Known Company,Random Non-resolvable Private Address,Update,High Security,2577341401938030
EB:A6:C4:87:B7:E4,Known Company,Random Static Address,Update,Medium Security,2577341011420322
71:D8:6C:3F:D4:04,Known Company,Random Resolvable Private Address,Update,Medium Security,2577341012575166
28:95:22:CB:06:DF,Known Company,Random Non-resolvable Private Address,Update,High Security,2577393405803896
50:06:9C:0B:82:2A,Known Company,Random Resolvable Private Address,Update,Medium Security,2577343249243030
5D:95:49:06:CE:B5,Known Company,Random Resolvable Private Address,Update,Medium Security,2577343661063394
36:DF:0F:FD:47:4F,Known Company,Random Non-resolvable Private Address,Update,High Security,2577394748744573
43:84:7A:9B:6F:1D,Known Company,Random Resolvable Private Address,Update,Medium Security,2577394746645666
F1:8F:A8:C6:E0:F1,Known Company,Random Static Address,Update,Medium Security,2577391174262074
78:A7:D3:5E:07:86,Known Company,Random Resolvable Private Address,Update,Medium Security,2577373031318695
15:04:A8:E6:2B:2E,Known Company,Random Non-resolvable Private Address,Update,High Security,2577372897125727
15:7D:36:B2:FC:6C,Known Company,Random Non-resolvable Private Address,Update,High Security,2577373617108435
05:F3:C5:2D:9B:CE,Known Company,Random Non-resolvable Private Address,Update,High Security,2577391156512334
32:74:EE:6C:12:89,Known Company,Random Non-resolvable Private Address,Update,High Security,2577394859596395
3C:99:F3:21:BC:DE,Known Company,Random Non-resolvable Private Address,Update,High Security,2577391836275251
5D:CB:D7:FB:B6:70,Known Company,Random Resolvable Private Address,Update,Medium Security,2577370632443488
C9:51:0A:11:4B:B4,Known Company,Random Static Address,Update,Medium Security,2577369201546978
41:A2:F7:22:DA:C8,Known Company,Random Resolvable Private Address,Update,Medium Security,2577370637411457
D2:CD:3A:50:A3:4B,Known Company,Random Static Address,Update,Medium Security,2577369211271509
16:6C:00:F5:02:35,Known Company,Random Non-resolvable Private Address,Update,High Security,2577369214994582
55:74:2F:46:C5:29,Known Company,Random Resolvable Private Address,Update,Medium Security,2577394865457854
DD:F2:45:12:2A:1C,Known Company,Random Static Address,Update,Medium Security,2577391132259001
79:94:9B:90:A2:9A,Known Company,Random Resolvable Private Address,Update,Medium Security,2577393329333896
D9:AA:36:E7:6E:89,Known Company,Random Static Address,Update,Medium Security,2577391172023741
78:38:0C:CC:1B:18,Known Company,Random Resolvable Private Address,Update,Medium Security,2577391183724470
CE:50:AF:AB:D1:AF,Known Company,Random Static Address,Update,Medium Security,2577391185589626
51:3A:E9:64:2F:2E,Known Company,Random Resolvable Private Address,Update,Medium Security,2577393372680094
42:CC:63:F1:FA:8C,Known Company,Random Resolvable Private Address,Update,Medium Security,2579270113838336
2F:98:8A:AF:D3:B1,Known Company,Random Non-resolvable Private Address,Update,High Security,2579275428394741
28:1D:CD:60:58:F5,Known Company,Random Non-resolvable Private Address,Update,High Security,2579272610350158
0F:B2:BB:B7:41:97,Known Company,Random Non-resolvable Private Address,Update,High Security,2579275411196720
04:17:FD:AD:1B:75,Known Company,Random Non-resolvable Private Address,Update,High Security,2579274725445782
68:C2:37:C0:71:41,Known Company,Random Resolvable Private Address,Update,Medium Security,2579271800242190
F3:A5:C4:EC:DB:12,Known Company,Random Static Address,Update,Medium Security,2579274719219741
7B:2F:25:B1:97:AE,Known Company,Random Resolvable Private Address,Update,Medium Security,2579270521489065
40:51:30:A4:90:CB,Known Company,Random Resolvable Private Address,Update,Medium Security,2579270760039378
6B:6E:4B:56:E5:E6,Known Company,Random Resolvable Private Address,Update,Medium Security,2579269406266618
6E:D9:04:5B:13:13,Known Company,Random Resolvable Private Address,Update,Medium Security,2579279801606978
44:32:16:B4:38:BC,Known Company,Random Resolvable Private Address,Update,Medium Security,2579275466840418
5F:7B:D4:32:DA:43,Known Company,Random Resolvable Private Address,Update,Medium Security,2579275419846407
EA:98:26:6F:C0:A5,Known Company,Random Static Address,Update,Medium Security,2579274737492657
E5:1D:5F:6C:4C:5A,Known Company,Random Static Address,Update,Medium Security,2579274737801772
05:06:49:E1:CD:8D,Known Company,Random Non-resolvable Private Address,Update,High Security,2579275482760522
CE:DC:DE:86:14:44,Known Company,Random Static Address,Update,Medium Security,2579268704806358
62:67:62:91:82:25,Known Company,Random Resolvable Private Address,Update,Medium Security,2579268348294066
38:D8:D2:D5:E9:CF,Known Company,Random Non-resolvable Private Address,Update,High Security,2579274728649220
74:08:D0:11:E4:FD,Known Company,Random Resolvable Private Address,Update,Medium Security,2579273337002606
69:62:69:9D:2D:67,Known Company,Random Resolvable Private Address,Update,Medium Security,2580656271386558
54:7E:71:DC:A8:3E,Known Company,Random Resolvable Private Address,Update,Medium Security,2580722770278459
78:22:2C:52:F8:01,Known Company,Random Resolvable Private Address,Update,Medium Security,2580655492488537
59:9C:8D:E3:DD:5E,Known Company,Random Resolvable Private Address,Update,Medium Security,2580719082600648
41:FC:7C:3E:80:77,Known Company,Random Resolvable Private Address,Update,Medium Security,2580653294847965
44:61:C1:D6:DB:92,Known Company,Random Resolvable Private Address,Update,Medium Security,2580722702991584
0C:11:E2:63:75:03,Known Company,Random Non-resolvable Private Address,Update,High Security,2580721911212626
7F:3A:C8:D8:72:7B,Known Company,Random Resolvable Private Address,Update,Medium Security,2580656950983536
7D:53:BE:FF:3B:AC,Known Company,Random Resolvable Private Address,Update,Medium Security,2580653309718850
4A:B0:B4:73:75:FD,Known Company,Random Resolvable Private Address,Update,Medium Security,2580653317941246
2F:7C:84:FB:FF:8C,Known Company,Random Non-resolvable Private Address,Update,High Security,2580654816991975
1B:CF:97:9E:B6:62,Known Company,Random Non-resolvable Private Address,Update,High Security,2580657000052859
63:1D:08:E6:76:18,Known Company,Random Resolvable Private Address,Update,Medium Security,2580653346514007
C0:D3:F5:E6:78:21,Known Company,Random Static Address,Update,Medium Security,2580719025955440
43:C0:F4:DD:99:66,Known Company,Random Resolvable Private Address,Update,Medium Security,2580719040394398
7F:71:AA:F5:60:54,Known Company,Random Resolvable Private Address,Update,Medium Security,2580721184440856
46:61:47:98:16:43,Known Company,Random Resolvable Private Address,Update,Medium Security,2580721192791845
68:D6:DE:C0:23:45,Known Company,Random Resolvable Private Address,Update,Medium Security,2580722793270282
7C:64:C7:5D:F3:B3,Known Company,Random Resolvable Private Address,Update,Medium Security,2580719077069190
13:8F:36:70:A9:07,Known Company,Random Non-resolvable Private Address,Update,High Security,2580722722539501
5D:B6:64:A3:3A:79,Known Company,Random Resolvable Private Address,Update,Medium Security,2580721260370231
53:5F:12:65:5A:74,Known Company,Random Resolvable Private Address,No Update,Medium Security,2581710352180895
53:CB:46:B6:5B:7A,Known Company,Random Resolvable Private Address,Update,Medium Security,2580721265671793
74:76:29:BD:C8:B5,Known Company,Random Resolvable Private Address,Update,Medium Security,2581673074921378
43:44:07:51:5C:56,Known Company,Random Resolvable Private Address,Update,Medium Security,2581673102559711
01:6A:4E:39:74:14,Known Company,Random Non-resolvable Private Address,Update,High Security,2581673114481638
47:56:4B:5A:D4:C2,Known Company,Random Resolvable Private Address,Update,Medium Security,2581698528868920
EB:E9:2F:33:C9:D4,Known Company,Random Static Address,Update,Medium Security,2581673124736690
6E:E1:C3:FD:A8:FD,Known Company,Random Resolvable Private Address,Update,Medium Security,2581726409389743
FC:71:1E:37:8D:49,Known Company,Random Static Address,Update,Medium Security,2581684636566686
1A:55:1E:21:DB:38,Known Company,Random Non-resolvable Private Address,Update,High Security,2581684639830592
61:FC:90:38:4B:B7,Known Company,Random Resolvable Private Address,Update,Medium Security,2581684643891686
FF:DD:E2:FD:3A:46,Known Company,Random Static Address,Update,Medium Security,2581684648917051
44:12:0F:02:21:10,Known Company,Random Resolvable Private Address,Update,Medium Security,2581702311186211
7B:4D:54:C1:A1:A0,Known Company,Random Resolvable Private Address,Update,Medium Security,2581684664878717
1D:3B:7B:79:59:86,Known Company,Random Non-resolvable Private Address,Update,High Security,2581726403368181
58:5C:EA:DD:A3:88,Known Company,Random Resolvable Private Address,Update,Medium Security,2581708165816156
48:F5:D2:92:97:27,Known Company,Random Resolvable Private Address,Update,Medium Security,2581684696921374
C4:C2:90:21:0E:18,Known Company,Random Static Address,Update,Medium Security,2581693393123037
49:61:30:EA:2B:BC,Known Company,Random Resolvable Private Address,Update,Medium Security,2581708172090063
2D:86:4B:77:70:5B,Known Company,Random Non-resolvable Private Address,Update,High Security,2581723466276463
57:94:C7:54:75:E7,Known Company,Random Resolvable Private Address,Update,Medium Security,2581693401686839
1B:CA:02:1A:3F:D1,Known Company,Random Non-resolvable Private Address,Update,High Security,2581693403487620
4A:19:CD:8B:48:F8,Known Company,Random Resolvable Private Address,Update,Medium Security,2581693404546214
7F:DE:87:59:59:D3,Known Company,Random Resolvable Private Address,Update,Medium Security,2581698499241472
36:50:E2:8A:2E:6D,Known Company,Random Non-resolvable Private Address,Update,High Security,2581702355666888
6E:34:47:85:AB:27,Known Company,Random Resolvable Private Address,Update,Medium Security,2581698505952827
67:A3:2E:9B:D2:0F,Known Company,Random Resolvable Private Address,Update,Medium Security,2581722690414119
47:44:E1:22:22:36,Known Company,Random Resolvable Private Address,Update,Medium Security,2581708167507042
2F:3C:7C:D0:A8:3E,Known Company,Random Non-resolvable Private Address,Update,High Security,2581702260909909
10:16:7C:F2:FD:DC,Known Company,Random Non-resolvable Private Address,Update,High Security,2581698524699493
31:6A:24:66:78:45,Known Company,Random Non-resolvable Private Address,Update,High Security,2581701496195378
16:03:B7:95:EA:FE,Known Company,Random Non-resolvable Private Address,Update,High Security,2581702254487721
42:E0:93:4B:8F:DC,Known Company,Random Resolvable Private Address,Update,Medium Security,2581708105494594
6D:7C:22:9A:FE:22,Known Company,Random Resolvable Private Address,Update,Medium Security,2581708135169125
26:DD:C1:08:EF:40,Known Company,Random Non-resolvable Private Address,Update,High Security,2581708153633813
75:3B:6B:01:15:C4,Known Company,Random Resolvable Private Address,Update,Medium Security,2581724900135733
65:55:01:C5:DE:99,Known Company,Random Resolvable Private Address,Update,Medium Security,2581708169953500
3A:3A:4E:14:E4:3B,Known Company,Random Non-resolvable Private Address,Update,High Security,2581710349624333
48:5A:F0:4C:C7:86,Known Company,Random Resolvable Private Address,Update,Medium Security,2581708175773969
0F:DA:40:66:4A:BE,Known Company,Random Non-resolvable Private Address,Update,High Security,2581710355766260
FE:22:1F:8D:14:49,Known Company,Random Static Address,Update,Medium Security,2581708178824750
5D:99:60:76:12:48,Known Company,Random Resolvable Private Address,Update,Medium Security,2581726323705160
68:58:18:7A:53:50,Known Company,Random Resolvable Private Address,Update,Medium Security,2581722695924692
5D:19:B3:AA:C5:7B,Known Company,Random Resolvable Private Address,Update,Medium Security,2581726317754014
74:5D:27:68:B5:FC,Known Company,Random Resolvable Private Address,Update,Medium Security,2581722708098494
F9:AC:BD:AF:33:E2,Known Company,Random Static Address,Update,Medium Security,2581722712755109
4D:9A:08:61:6B:99,Known Company,Random Resolvable Private Address,Update,Medium Security,2581722715945369
0D:44:26:A2:0E:EC,Known Company,Random Non-resolvable Private Address,Update,High Security,2582958808622710
62:23:91:9F:37:BE,Known Company,Random Resolvable Private Address,Update,Medium Security,2582960218776512
FE:31:2A:19:EE:38,Known Company,Random Static Address,Update,Medium Security,2582944920221153
6E:2A:C4:41:74:82,Known Company,Random Resolvable Private Address,Update,Medium Security,2582959485799689
51:F4:F0:49:A9:83,Known Company,Random Resolvable Private Address,Update,Medium Security,2582960264499116
01:0B:3B:73:2C:38,Known Company,Random Non-resolvable Private Address,Update,High Security,2582957345970471
10:53:46:4A:7F:60,Known Company,Random Non-resolvable Private Address,Update,High Security,2582934095853449
6D:56:09:EA:48:69,Known Company,Random Resolvable Private Address,Update,Medium Security,2582958806358960
E5:6C:97:CE:8B:EB,Known Company,Random Static Address,Update,Medium Security,2582958875891408
41:1F:F1:3D:E1:B6,Known Company,Random Resolvable Private Address,Update,Medium Security,2582955205078962
18:6B:CA:53:97:FF,Known Company,Random Non-resolvable Private Address,Update,High Security,2582960304560262
13:B3:70:AC:DA:76,Known Company,Random Non-resolvable Private Address,Update,High Security,2582955199576149
55:53:54:53:B4:EA,Known Company,Random Resolvable Private Address,Update,Medium Security,2582960197658074
78:6D:39:C4:61:0A,Known Company,Random Resolvable Private Address,Update,Medium Security,2582960268238022
54:F8:0B:E8:59:2E,Known Company,Random Resolvable Private Address,Update,Medium Security,2582956659301513
65:07:25:49:7F:25,Known Company,Random Resolvable Private Address,Update,Medium Security,2582945695438809
01:1A:69:2E:C9:C9,Known Company,Random Non-resolvable Private Address,Update,High Security,2582945700990684
7F:7D:2A:59:86:85,Known Company,Random Resolvable Private Address,Update,Medium Security,2583318652997313
7F:91:CC:72:CF:D3,Known Company,Random Resolvable Private Address,Update,Medium Security,2583318665565542
55:1B:68:65:D1:6C,Known Company,Random Resolvable Private Address,Update,Medium Security,2583318672868198
19:FD:AF:D3:68:54,Known Company,Random Non-resolvable Private Address,Update,High Security,2583318674789500
18:4A:0B:A3:FC:DB,Known Company,Random Non-resolvable Private Address,Update,High Security,2583318677891896
36:D8:D2:E6:FE:F6,Known Company,Random Non-resolvable Private Address,Update,High Security,2583319292218094
2E:2E:28:C6:BC:05,Known Company,Random Non-resolvable Private Address,Update,High Security,2583318690757677
25:EF:4B:ED:EC:AF,Known Company,Random Non-resolvable Private Address,Update,High Security,2584586183030944
4A:BA:A6:47:31:A8,Known Company,Random Resolvable Private Address,Update,Medium Security,2584556566534913
50:65:5B:29:E2:69,Known Company,Random Resolvable Private Address,Update,Medium Security,2584556568001163
3C:B1:8E:01:E3:56,Known Company,Random Non-resolvable Private Address,Update,High Security,2584586095922194
1E:D1:C8:5B:59:48,Known Company,Random Non-resolvable Private Address,Update,High Security,2584557092520069
0E:81:39:96:58:85,Known Company,Random Non-resolvable Private Address,Update,High Security,2584586061184902
29:DB:D5:A3:12:50,Known Company,Random Non-resolvable Private Address,Update,High Security,2584586065680111
06:0F:7A:1C:29:85,Known Company,Random Non-resolvable Private Address,Update,High Security,2584557077601632
7D:D2:F4:F6:63:FB,Known Company,Random Resolvable Private Address,Update,Medium Security,2584556988379549
34:F4:11:00:C1:C2,Known Company,Random Non-resolvable Private Address,Update,High Security,2584585308562194
4C:E6:CC:21:78:49,Known Company,Random Resolvable Private Address,Update,Medium Security,2584581614983029
11:48:CB:CA:83:10,Known Company,Random Non-resolvable Private Address,Update,High Security,2584586097043860
1A:23:45:93:6F:EA,Known Company,Random Non-resolvable Private Address,Update,High Security,2584586143358652
70:3E:CA:BB:45:EE,Known Company,Random Resolvable Private Address,Update,Medium Security,2584582460864435
E6:3F:0A:C1:BE:EC,Known Company,Random Static Address,Update,Medium Security,2584581675139643
77:81:CF:7D:EE:45,Known Company,Random Resolvable Private Address,Update,Medium Security,2584586136491673
5F:FE:93:D8:67:C6,Known Company,Random Resolvable Private Address,Update,Medium Security,2584585375582507
40:91:44:6D:DF:12,Known Company,Random Resolvable Private Address,Update,Medium Security,2584581711002560
36:48:33:E6:82:43,Known Company,Random Non-resolvable Private Address,Update,High Security,2584586063858861
09:F3:17:3D:2E:F2,Known Company,Random Non-resolvable Private Address,Update,High Security,2584581724037820
73:60:74:FB:F0:91,Known Company,Random Resolvable Private Address,Update,Medium Security,2584584554043236
