74:AF:80:01:CE:B4,Known Company,Random Resolvable Private Address,Update,Medium Security,2312759429632828
42:F7:A4:03:AF:A6,Known Company,Random Resolvable Private Address,Update,Medium Security,2312750641071373
69:AF:09:6F:4C:D1,Known Company,Random Resolvable Private Address,No Update,Medium Security,2315230402217250
42:EF:2C:D8:84:F5,Known Company,Random Resolvable Private Address,Update,Medium Security,2312758767587099
42:26:08:C8:CB:49,Known Company,Random Resolvable Private Address,Update,Medium Security,2312769709324959
76:9C:4B:E4:8F:74,Known Company,Random Resolvable Private Address,Update,Medium Security,2312769692837615
33:8D:3D:FF:E4:E4,Known Company,Random Non-resolvable Private Address,Update,High Security,2312769698056417
F1:2B:53:8B:DF:03,Known Company,Random Static Address,Update,Medium Security,2312715582803938
5C:49:9A:05:3D:97,Known Company,Random Resolvable Private Address,Update,Medium Security,2312757967572255
7F:AB:76:96:AC:E6,Known Company,Random Resolvable Private Address,Update,Medium Security,2312759491193400
40:76:0D:AB:61:FE,Known Company,Random Resolvable Private Address,Update,Medium Security,2312769645744699
50:DE:06:A6:C6:E2,Known Company,Public Address,No Update,Low Security,2507072332923378
76:56:85:AC:B5:03,Known Company,Random Resolvable Private Address,Update,Medium Security,2312757996280589
7D:60:61:0B:72:75,Known Company,Random Resolvable Private Address,Update,Medium Security,2312769675703292
1C:C3:16:1F:CA:E4,Known Company,Public Address,No Update,Low Security,2525064139839928
5C:28:11:71:2D:F9,Known Company,Random Resolvable Private Address,Update,Medium Security,2312729539494974
0A:CF:D5:45:9C:88,Known Company,Random Non-resolvable Private Address,Update,High Security,2312730242362214
F5:84:BA:6B:34:16,Known Company,Random Static Address,Update,Medium Security,2312728740980704
78:C8:38:7D:7F:98,Known Company,Random Resolvable Private Address,Update,Medium Security,2312729545917735
E0:68:F1:5E:5C:A6,Known Company,Random Static Address,Update,Medium Security,2312759597644755
68:9A:EB:29:47:95,Known Company,Random Resolvable Private Address,Update,Medium Security,2312749907352987
40:AA:17:38:C3:3B,Known Company,Random Resolvable Private Address,Update,Medium Security,2312766759560898
E6:0D:F5:82:CD:B9,Known Company,Random Static Address,Update,Medium Security,2312757222233037
CC:89:E0:FB:48:F3,Known Company,Random Static Address,Update,Medium Security,2312749908343196
CD:DF:19:DD:CC:B7,Known Company,Random Static Address,No Update,Low Security,2354336253206273
D3:1B:95:8D:67:C5,Known Company,Random Static Address,Update,Medium Security,2312748498816634
06:16:23:8C:77:CE,Known Company,Random Non-resolvable Private Address,Update,High Security,2312750628365643
EC:85:64:BF:B3:51,Known Company,Random Static Address,Update,Medium Security,2312758063348974
60:37:88:E0:05:7F,Known Company,Random Resolvable Private Address,Update,Medium Security,2312766773657252
7D:A0:28:AA:75:43,Known Company,Random Resolvable Private Address,Update,Medium Security,2312766777589856
D0:73:78:DD:6B:DC,Known Company,Random Static Address,Update,Medium Security,2312769706490428
E5:9F:C0:29:05:EE,Known Company,Random Static Address,No Update,Low Security,2354336919614919
61:B5:F2:5D:13:5E,Known Company,Random Resolvable Private Address,Update,Medium Security,2312769737688136
77:91:94:57:CD:4A,Known Company,Random Resolvable Private Address,Update,Medium Security,2314182389870253
17:AC:DC:1D:E2:05,Known Company,Random Non-resolvable Private Address,Update,High Security,2314182471467441
40:F7:40:A2:57:F1,Known Company,Random Resolvable Private Address,Update,Medium Security,2314182401461035
65:59:20:CF:41:B4,Known Company,Random Resolvable Private Address,Update,Medium Security,2314180159152650
43:C3:DC:3F:33:06,Known Company,Random Resolvable Private Address,No Update,Medium Security,2315220930804597
79:7C:23:C5:5E:02,Known Company,Random Resolvable Private Address,Update,Medium Security,2314182398010462
76:96:E0:A0:4E:01,Known Company,Random Resolvable Private Address,Update,Medium Security,2314182370821139
61:29:3D:C0:05:E0,Known Company,Random Resolvable Private Address,Update,Medium Security,2314110060327416
7F:05:5B:0E:54:15,Known Company,Random Resolvable Private Address,Update,Medium Security,2314182357572649
51:12:9B:96:28:FD,Known Company,Random Resolvable Private Address,Update,Medium Security,2314180921647702
C1:35:50:5A:1B:F5,Known Company,Random Static Address,Update,Medium Security,2314136485625479
50:61:B6:48:87:52,Known Company,Random Resolvable Private Address,Update,Medium Security,2314165640407135
E2:00:FC:CF:40:FC,Known Company,Random Static Address,Update,Medium Security,2314137122509646
6C:9E:E3:E7:0A:42,Known Company,Random Resolvable Private Address,Update,Medium Security,2314182381023483
F9:F2:AD:43:1D:DB,Known Company,Random Static Address,Update,Medium Security,2314137204597979
77:77:31:8D:D8:9C,Known Company,Random Resolvable Private Address,Update,Medium Security,2314165612485468
C6:CD:0F:EA:FC:A4,Known Company,Random Static Address,Update,Medium Security,2314180166065150
CF:A0:25:96:36:9D,Known Company,Random Static Address,Update,Medium Security,2314164001682188
CA:26:B0:7E:B0:37,Known Company,Random Static Address,Update,Medium Security,2314179389160098
68:C4:5A:AE:13:A8,Known Company,Random Resolvable Private Address,Update,Medium Security,2314180185549213
70:1A:92:83:6E:90,Known Company,Random Resolvable Private Address,Update,Medium Security,2314182405587337
3A:DA:9E:40:34:90,Known Company,Random Non-resolvable Private Address,Update,High Security,2315228982719385
63:36:E5:09:5D:15,Known Company,Random Resolvable Private Address,Update,Medium Security,2315229002155792
51:AC:69:E9:E9:38,Known Company,Random Resolvable Private Address,Update,Medium Security,2315230411893135
78:9C:9A:F1:06:5F,Known Company,Random Resolvable Private Address,Update,Medium Security,2315230389959802
7E:3E:F7:65:12:BD,Known Company,Random Resolvable Private Address,Update,Medium Security,2315230420763447
10:60:AE:22:51:96,Known Company,Random Non-resolvable Private Address,Update,High Security,2315229692040687
77:1E:ED:35:04:B0,Known Company,Random Resolvable Private Address,Update,Medium Security,2315228974002354
55:99:7C:4B:1E:42,Known Company,Random Resolvable Private Address,Update,Medium Security,2315228969700479
4B:A7:35:3C:2C:A6,Known Company,Random Resolvable Private Address,Update,Medium Security,2315228981724021
4F:1F:50:4C:FB:70,Known Company,Random Resolvable Private Address,Update,Medium Security,2315230375934697
65:CE:5A:90:2E:79,Known Company,Random Resolvable Private Address,Update,Medium Security,2315211384187934
EE:C8:11:EC:3A:A9,Known Company,Random Static Address,Update,Medium Security,2315229570729281
53:45:63:18:F5:F5,Known Company,Random Resolvable Private Address,Update,Medium Security,2315220913857774
5B:C2:A8:5F:FC:48,Known Company,Random Resolvable Private Address,Update,Medium Security,2315228164590271
51:CE:1B:14:F2:19,Known Company,Random Resolvable Private Address,Update,Medium Security,2315229588495479
4A:57:F0:D1:7E:78,Known Company,Random Resolvable Private Address,Update,Medium Security,2318086043735171
0C:A8:34:DB:50:DD,Known Company,Random Non-resolvable Private Address,Update,High Security,2318086078037098
42:51:EB:09:10:B5,Known Company,Random Resolvable Private Address,Update,Medium Security,2318085410555952
5B:68:E5:6A:07:FD,Known Company,Random Resolvable Private Address,Update,Medium Security,2318086127157723
53:83:D7:BC:80:C6,Known Company,Random Resolvable Private Address,Update,Medium Security,2317827119878186
5B:07:F6:21:95:50,Known Company,Random Resolvable Private Address,Update,Medium Security,2318085371834233
F2:1B:C4:CE:5C:44,Known Company,Random Static Address,Update,Medium Security,2317940977630278
53:3E:13:82:45:3D,Known Company,Random Resolvable Private Address,Update,Medium Security,2317827176801624
6F:61:DA:46:77:7F,Known Company,Random Resolvable Private Address,Update,Medium Security,2317933037178250
E3:C5:DB:04:2C:E8,Known Company,Random Static Address,Update,Medium Security,2317813334748712
7B:5C:EC:6D:FE:59,Known Company,Random Resolvable Private Address,Update,Medium Security,2318084605334025
0E:C8:0D:19:65:33,Known Company,Random Non-resolvable Private Address,Update,High Security,2317942585222309
C7:E0:6A:2D:FA:28,Known Company,Random Static Address,Update,Medium Security,2317940974636476
CD:F6:4B:EC:84:27,Known Company,Random Static Address,Update,Medium Security,2317824933651312
47:BE:A2:10:28:7C,Known Company,Random Resolvable Private Address,Update,Medium Security,2317919826758359
4B:B2:EB:06:97:29,Known Company,Random Resolvable Private Address,No Update,Medium Security,2318911628550220
14:3F:A6:90:8D:B8,Known Company,Public Address,No Update,Low Security,2317942557181892
75:DE:0E:3C:88:3E,Known Company,Random Resolvable Private Address,Update,Medium Security,2317931565697313
7F:8E:7E:E2:2A:6D,Known Company,Random Resolvable Private Address,Update,Medium Security,2317931576603511
40:04:7A:34:EF:99,Known Company,Random Resolvable Private Address,Update,Medium Security,2318085369760431
F8:49:BA:E8:3F:7A,Known Company,Random Static Address,Update,Medium Security,2318086156401316
47:45:AD:99:58:80,Known Company,Random Resolvable Private Address,Update,Medium Security,2318911606296002
19:60:78:A5:3A:69,Known Company,Random Non-resolvable Private Address,Update,High Security,2318911618379804
73:BD:34:8C:D5:7F,Known Company,Random Resolvable Private Address,Update,Medium Security,2318910933090950
76:D3:4A:3C:E0:58,Known Company,Random Resolvable Private Address,Update,Medium Security,2318904384701317
7D:02:ED:3D:76:78,Known Company,Random Resolvable Private Address,Update,Medium Security,2318911590104439
40:72:B9:F2:25:78,Known Company,Random Resolvable Private Address,Update,Medium Security,2318910948191002
4B:07:95:2A:53:39,Known Company,Random Resolvable Private Address,Update,Medium Security,2318892694539394
EB:E3:E6:A9:29:38,Known Company,Random Static Address,Update,Medium Security,2318902228241995
58:5A:96:EC:E1:DE,Known Company,Random Resolvable Private Address,Update,Medium Security,2318911640470585
E4:DA:3C:F8:AF:29,Known Company,Random Static Address,Update,Medium Security,2318910922130585
F5:81:79:63:38:2E,Known Company,Random Static Address,Update,Medium Security,2318903701737827
66:0B:12:BB:E9:7F,Known Company,Random Resolvable Private Address,Update,Medium Security,2318904326426994
CB:58:D2:E9:20:7F,Known Company,Random Static Address,Update,Medium Security,2318909451662044
66:C8:4A:93:9D:C2,Known Company,Random Resolvable Private Address,No Update,Medium Security,2321922762844124
08:3F:CA:32:F4:9F,Known Company,Random Non-resolvable Private Address,Update,High Security,2320931107818512
2F:96:99:AC:FF:65,Known Company,Random Non-resolvable Private Address,Update,High Security,2320950845391005
E0:A8:69:D1:FB:B7,Known Company,Random Static Address,Update,Medium Security,2320931075134971
47:E9:93:F7:9C:30,Known Company,Random Resolvable Private Address,Update,Medium Security,2320949343241683
52:DE:5E:5E:A0:02,Known Company,Random Resolvable Private Address,Update,Medium Security,2320949321030433
7F:C3:CB:42:4F:93,Known Company,Random Resolvable Private Address,Update,Medium Security,2320950859682151
73:F6:00:DF:4E:27,Known Company,Random Resolvable Private Address,Update,Medium Security,2320950782636734
54:E4:00:CA:74:7F,Known Company,Random Resolvable Private Address,Update,Medium Security,2320950794563453
4B:67:10:0D:03:35,Known Company,Random Resolvable Private Address,Update,Medium Security,2320949315708766
F6:71:05:F0:8A:56,Known Company,Random Static Address,Update,Medium Security,2320948625289339
15:63:7F:B0:B2:D7,Known Company,Random Non-resolvable Private Address,No Update,High Security,2321922736421363
7C:2C:61:59:49:B1,Known Company,Random Resolvable Private Address,Update,Medium Security,2321924192310581
5B:CC:FC:05:0B:A4,Known Company,Random Resolvable Private Address,Update,Medium Security,2321923524233446
25:72:4F:E4:20:E4,Known Company,Random Non-resolvable Private Address,Update,High Security,2321924194042456
58:31:45:B6:C6:8F,Known Company,Random Resolvable Private Address,Update,Medium Security,2321922775957509
6F:DC:C4:8C:ED:4F,Known Company,Random Resolvable Private Address,Update,Medium Security,2321922768502197
7E:6E:A2:D8:6C:D4,Known Company,Random Resolvable Private Address,Update,Medium Security,2321924267275009
52:48:B9:BD:90:78,Known Company,Random Resolvable Private Address,Update,Medium Security,2321924276965581
F7:0E:9A:33:1E:94,Known Company,Random Static Address,Update,Medium Security,2321913317408606
72:46:A1:2C:AD:7E,Known Company,Random Resolvable Private Address,Update,Medium Security,2321921931581832
5A:F2:79:C8:D4:B5,Known Company,Random Resolvable Private Address,Update,Medium Security,2321924241112144
7C:71:9E:CA:34:51,Known Company,Random Resolvable Private Address,Update,Medium Security,2321922781639853
FD:B2:9E:1A:E2:D6,Known Company,Random Static Address,Update,Medium Security,2321922814578186
C1:A0:58:0D:D7:AA,Known Company,Random Static Address,Update,Medium Security,2354226757831054
47:66:96:FF:B1:1F,Known Company,Random Resolvable Private Address,Update,Medium Security,2354365572897043
68:5F:76:F1:C6:56,Known Company,Random Resolvable Private Address,Update,Medium Security,2354366246638293
5D:32:7C:4A:91:3E,Known Company,Random Resolvable Private Address,Update,Medium Security,2354340624703355
6B:8D:37:4B:D5:F3,Known Company,Random Resolvable Private Address,Update,Medium Security,2354366967361730
0C:D8:18:E2:79:40,Known Company,Random Non-resolvable Private Address,Update,High Security,2354356805098244
43:62:74:4B:DF:C1,Known Company,Random Resolvable Private Address,Update,Medium Security,2354340628802209
3C:24:19:55:28:4D,Known Company,Random Non-resolvable Private Address,Update,High Security,2354356785542984
43:60:2A:16:47:47,Known Company,Random Resolvable Private Address,Update,Medium Security,2354366965729334
F1:BF:D7:0D:B5:98,Known Company,Random Static Address,Update,Medium Security,2354226936935273
6C:5B:6A:06:96:A8,Known Company,Random Resolvable Private Address,Update,Medium Security,2354367005745949
70:FF:DE:EA:A1:F4,Known Company,Random Resolvable Private Address,Update,Medium Security,2354229125991783
58:36:68:86:58:A5,Known Company,Random Resolvable Private Address,Update,Medium Security,2354366950801834
59:3E:AE:03:2F:E3,Known Company,Random Resolvable Private Address,Update,Medium Security,2354366261249178
63:BC:95:E5:CF:C5,Known Company,Random Resolvable Private Address,Update,Medium Security,2354366325934855
55:78:08:9E:61:17,Known Company,Random Resolvable Private Address,Update,Medium Security,2354227520878033
77:95:70:06:99:7D,Known Company,Random Resolvable Private Address,Update,Medium Security,2354340663913771
46:9E:E8:2B:AB:B7,Known Company,Random Resolvable Private Address,Update,Medium Security,2354354511692360
2F:6E:B5:08:D6:FA,Known Company,Random Non-resolvable Private Address,Update,High Security,2354365480212668
E6:6F:CD:63:8E:CC,Known Company,Random Static Address,Update,Medium Security,2354336388654658
FA:95:C9:27:0F:35,Known Company,Random Static Address,Update,Medium Security,2354336993704710
6D:6E:C7:22:B9:69,Known Company,Random Resolvable Private Address,Update,Medium Security,2354337845273200
71:AD:FE:23:6E:AF,Known Company,Random Resolvable Private Address,Update,Medium Security,2354366245146470
6E:4B:BB:50:CA:D6,Known Company,Random Resolvable Private Address,Update,Medium Security,2354367035935897
CB:DE:25:FA:4B:3E,Known Company,Random Static Address,Update,Medium Security,2354365459654804
D9:AE:35:97:DD:AC,Known Company,Random Static Address,Update,Medium Security,2354364036045221
ED:28:89:A7:35:98,Known Company,Random Static Address,Update,Medium Security,2354365560331314
42:51:6B:10:6A:71,Known Company,Random Resolvable Private Address,Update,Medium Security,2501048024881429
18:74:DC:61:E3:FC,Known Company,Random Non-resolvable Private Address,Update,High Security,2501048246312367
71:71:65:29:82:59,Known Company,Random Resolvable Private Address,Update,Medium Security,2501055559402937
73:10:20:DE:B9:C0,Known Company,Random Resolvable Private Address,Update,Medium Security,2501057705293821
6C:48:14:FB:04:88,Known Company,Random Resolvable Private Address,Update,Medium Security,2501058544690279
5B:A4:8A:D6:E8:D8,Known Company,Random Resolvable Private Address,Update,Medium Security,2501058506863456
63:7F:15:5D:E8:BC,Known Company,Random Resolvable Private Address,Update,Medium Security,2501057811988561
E0:C2:B4:AE:FF:0F,Known Company,Random Static Address,Update,Medium Security,2501042952107525
5B:22:85:05:77:81,Known Company,Random Resolvable Private Address,Update,Medium Security,2501055557703770
3B:63:E2:9A:E4:0C,Known Company,Random Non-resolvable Private Address,Update,High Security,2501058459365956
75:BE:AB:A4:D7:E9,Known Company,Random Resolvable Private Address,Update,Medium Security,2501048234301689
59:71:53:C6:6E:DE,Known Company,Random Resolvable Private Address,Update,Medium Security,2501048232254814
4A:5F:B3:EA:09:B9,Known Company,Random Resolvable Private Address,Update,Medium Security,2501048242310544
64:3A:4E:75:F8:B2,Known Company,Random Resolvable Private Address,Update,Medium Security,2501057774865332
DD:16:97:A5:A7:19,Known Company,Random Static Address,No Update,Low Security,2525060079226649
68:CA:69:52:08:E0,Known Company,Random Resolvable Private Address,Update,Medium Security,2501057804752623
63:23:C5:F7:E9:67,Known Company,Random Resolvable Private Address,Update,Medium Security,2501056222549343
F0:BF:63:4E:F5:46,Known Company,Random Static Address,Update,Medium Security,2501043413997316
33:3A:BD:2B:77:5D,Known Company,Random Non-resolvable Private Address,Update,High Security,2501057813429030
6B:E6:0E:A1:3F:98,Known Company,Random Resolvable Private Address,Update,Medium Security,2501055543087728
FE:68:9D:1C:3E:9F,Known Company,Random Static Address,Update,Medium Security,2501055554600176
D5:AA:E2:07:E6:7A,Known Company,Random Static Address,Update,Medium Security,2501056315681061
78:C4:46:02:2B:C8,Known Company,Random Resolvable Private Address,Update,Medium Security,2507072355738065
63:D0:C9:2D:FF:59,Known Company,Random Resolvable Private Address,Update,Medium Security,2507072290185669
24:4F:5C:C6:61:AA,Known Company,Random Non-resolvable Private Address,Update,High Security,2507071656970618
55:29:71:A1:24:BD,Known Company,Random Resolvable Private Address,Update,Medium Security,2507072318325930
7A:74:2B:19:78:50,Known Company,Random Resolvable Private Address,Update,Medium Security,2507072335154055
5D:5B:41:6C:62:AE,Known Company,Random Resolvable Private Address,Update,Medium Security,2507072336691763
40:C2:46:DD:36:DF,Known Company,Random Resolvable Private Address,Update,Medium Security,2507072396420044
54:5D:FE:6F:06:64,Known Company,Random Resolvable Private Address,Update,Medium Security,2507057501897185
71:3C:48:1A:07:5D,Known Company,Random Resolvable Private Address,Update,Medium Security,2507072329859159
70:EC:CA:AB:E5:79,Known Company,Random Resolvable Private Address,Update,Medium Security,2507071618721972
54:96:9B:C9:44:AB,Known Company,Random Resolvable Private Address,Update,Medium Security,2507072404919055
68:E2:E7:AD:9A:96,Known Company,Random Resolvable Private Address,Update,Medium Security,2507072385629003
4C:BD:B8:4D:61:51,Known Company,Random Resolvable Private Address,Update,Medium Security,2507072343110461
7E:9F:BF:F2:68:FB,Known Company,Random Resolvable Private Address,Update,Medium Security,2507072328243430
F5:18:42:DC:FD:2F,Known Company,Random Static Address,Update,Medium Security,2507059488532966
CA:3F:72:1E:2C:F9,Known Company,Random Static Address,Update,Medium Security,2507071654587024
ED:AC:9A:65:86:49,Known Company,Random Static Address,Update,Medium Security,2507059933377497
C2:EA:9F:C7:3C:31,Known Company,Random Static Address,Update,Medium Security,2507058331844946
50:35:AA:99:B4:36,Known Company,Random Resolvable Private Address,Update,Medium Security,2507071681393430
5F:24:D8:C5:13:7B,Known Company,Random Resolvable Private Address,Update,Medium Security,2507072306826607
46:20:FD:15:B1:77,Known Company,Random Resolvable Private Address,Update,Medium Security,2525063459888366
D3:97:A6:9D:94:76,Known Company,Random Static Address,Update,Medium Security,2525059456752326
68:89:6E:31:4C:BE,Known Company,Random Resolvable Private Address,Update,Medium Security,2525064157311543
27:49:C8:55:E7:4E,Known Company,Random Non-resolvable Private Address,Update,High Security,2525064183019928
54:D1:B0:61:00:46,Known Company,Public Address,No Update,Low Security,2525064138914303
C9:F1:36:DC:73:EE,Known Company,Random Static Address,Update,Medium Security,2525063458433366
45:53:DB:BB:F7:D1,Known Company,Random Resolvable Private Address,Update,Medium Security,2525064171809147
77:33:F6:37:F3:A0,Known Company,Random Resolvable Private Address,Update,Medium Security,2525063463953106
39:87:31:08:55:31,Known Company,Random Non-resolvable Private Address,Update,High Security,2525064239901751
76:CD:C9:1C:7D:6C,Known Company,Random Resolvable Private Address,Update,Medium Security,2525064256413678
78:52:98:7D:1A:21,Known Company,Random Resolvable Private Address,Update,Medium Security,2525064184482584
78:09:B2:7A:0C:D8,Known Company,Random Resolvable Private Address,Update,Medium Security,2525064181588574
5B:30:A6:64:A7:98,Known Company,Random Resolvable Private Address,Update,Medium Security,2525063456482324
76:91:14:EF:E3:AF,Known Company,Random Resolvable Private Address,Update,Medium Security,2525064213143522
5A:D3:A3:EC:3B:44,Known Company,Random Resolvable Private Address,Update,Medium Security,2525064270402689
F2:E5:0F:15:A9:28,Known Company,Random Static Address,Update,Medium Security,2525061934602742
E2:16:18:53:31:27,Known Company,Random Static Address,Update,Medium Security,2525061958175033
41:65:C6:4E:1F:70,Known Company,Random Resolvable Private Address,Update,Medium Security,2571756790951515
C6:8B:11:64:CC:89,Known Company,Random Static Address,Update,Medium Security,2571755274612245
55:68:1F:02:7E:2F,Known Company,Random Resolvable Private Address,Update,Medium Security,2571755931696984
5D:5D:8C:CA:08:64,Known Company,Random Resolvable Private Address,Update,Medium Security,2571755280898755
15:35:B2:D9:C1:2F,Known Company,Random Non-resolvable Private Address,Update,High Security,2571756773135369
5F:AD:06:FD:E8:67,Known Company,Random Resolvable Private Address,Update,Medium Security,2571755285475995
43:0C:41:EA:C4:E1,Known Company,Random Resolvable Private Address,Update,Medium Security,2571755287657297
72:4F:40:77:B1:90,Known Company,Random Resolvable Private Address,Update,Medium Security,2571755289638495
48:EB:83:D7:B1:F9,Known Company,Random Resolvable Private Address,Update,Medium Security,2571755291829432
7D:BC:31:F3:6B:37,Known Company,Random Resolvable Private Address,Update,Medium Security,2571755293303755
40:F6:81:1E:5F:5C,Known Company,Random Resolvable Private Address,Update,Medium Security,2571755294944640
49:9E:6A:B3:EB:CE,Known Company,Random Resolvable Private Address,Update,Medium Security,2571755296385682
F8:04:2E:D6:5D:31,Known Company,Public Address,No Update,Low Security,2571755297667088
